URS00000B1D5F_402676	Schizosaccharomyces japonicus yFS275 tRNA SJAG_16313	tRNA SJAG_16313	seryl_tRNA	GCA_000149845.2	supercont5.3	2623093	2623185
URS00004B545E_402676	Schizosaccharomyces japonicus yFS275 tRNA SJAG_16132	tRNA SJAG_16132	arginyl_tRNA	GCA_000149845.2	supercont5.2	1979602	1979682
URS00003D4269_402676	Schizosaccharomyces japonicus yFS275 tRNA SJAG_16398	tRNA SJAG_16398	tRNA	GCA_000149845.2	supercont5.6	30356	30422
URS000004E570_402676	Schizosaccharomyces japonicus yFS275 tRNA SJAG_16300	tRNA SJAG_16300	leucyl_tRNA	GCA_000149845.2	supercont5.3	2049564	2049667
URS000004E570_402676	Schizosaccharomyces japonicus yFS275 tRNA SJAG_16300	tRNA SJAG_16300	leucyl_tRNA	GCA_000149845.2	supercont5.3	2047955	2048058
URS000004E570_402676	Schizosaccharomyces japonicus yFS275 tRNA SJAG_16300	tRNA SJAG_16300	leucyl_tRNA	GCA_000149845.2	supercont5.3	1588421	1588524
URS000004E570_402676	Schizosaccharomyces japonicus yFS275 tRNA SJAG_16300	tRNA SJAG_16300	leucyl_tRNA	GCA_000149845.2	supercont5.3	1586789	1586892
URS000004E570_402676	Schizosaccharomyces japonicus yFS275 tRNA SJAG_16300	tRNA SJAG_16300	leucyl_tRNA	GCA_000149845.2	supercont5.3	1418071	1418174
URS000004E570_402676	Schizosaccharomyces japonicus yFS275 tRNA SJAG_16300	tRNA SJAG_16300	leucyl_tRNA	GCA_000149845.2	supercont5.3	2626050	2626153
URS000004E570_402676	Schizosaccharomyces japonicus yFS275 tRNA SJAG_16300	tRNA SJAG_16300	leucyl_tRNA	GCA_000149845.2	supercont5.3	2624427	2624530
URS000004E570_402676	Schizosaccharomyces japonicus yFS275 tRNA SJAG_16300	tRNA SJAG_16300	leucyl_tRNA	GCA_000149845.2	supercont5.3	1416456	1416559
URS000051F66B_402676	Schizosaccharomyces japonicus yFS275 tRNA SJAG_16347	tRNA SJAG_16347	valyl_tRNA	GCA_000149845.2	supercont5.4	125709	125781
URS000051F66B_402676	Schizosaccharomyces japonicus yFS275 tRNA SJAG_16347	tRNA SJAG_16347	valyl_tRNA	GCA_000149845.2	supercont5.4	117322	117394
URS000051F66B_402676	Schizosaccharomyces japonicus yFS275 tRNA SJAG_16347	tRNA SJAG_16347	valyl_tRNA	GCA_000149845.2	supercont5.4	157358	157430
URS000051F66B_402676	Schizosaccharomyces japonicus yFS275 tRNA SJAG_16347	tRNA SJAG_16347	valyl_tRNA	GCA_000149845.2	supercont5.4	165183	165255
URS000051F66B_402676	Schizosaccharomyces japonicus yFS275 tRNA SJAG_16347	tRNA SJAG_16347	valyl_tRNA	GCA_000149845.2	supercont5.4	149551	149623
URS00001D2EEC_402676	Schizosaccharomyces japonicus yFS275 tRNA SJAG_16026	tRNA SJAG_16026	arginyl_tRNA	GCA_000149845.2	supercont5.1	1226518	1226613
URS0000186D6F_402676	Schizosaccharomyces japonicus yFS275 tRNA SJAG_16130	tRNA SJAG_16130	glutamyl_tRNA	GCA_000149845.2	supercont5.2	1979280	1979350
URS0000208010_402676	Schizosaccharomyces japonicus yFS275 tRNA SJAG_16035	tRNA SJAG_16035	seryl_tRNA	GCA_000149845.2	supercont5.1	1847053	1847152
URS0000208010_402676	Schizosaccharomyces japonicus yFS275 tRNA SJAG_16035	tRNA SJAG_16035	seryl_tRNA	GCA_000149845.2	supercont5.4	80212	80311
URS0000208010_402676	Schizosaccharomyces japonicus yFS275 tRNA SJAG_16035	tRNA SJAG_16035	seryl_tRNA	GCA_000149845.2	supercont5.1	1837845	1837944
URS0000208010_402676	Schizosaccharomyces japonicus yFS275 tRNA SJAG_16035	tRNA SJAG_16035	seryl_tRNA	GCA_000149845.2	supercont5.1	1828919	1829018
URS0000208010_402676	Schizosaccharomyces japonicus yFS275 tRNA SJAG_16035	tRNA SJAG_16035	seryl_tRNA	GCA_000149845.2	supercont5.1	1806617	1806716
URS0000208010_402676	Schizosaccharomyces japonicus yFS275 tRNA SJAG_16035	tRNA SJAG_16035	seryl_tRNA	GCA_000149845.2	supercont5.1	1790462	1790561
URS0000208010_402676	Schizosaccharomyces japonicus yFS275 tRNA SJAG_16035	tRNA SJAG_16035	seryl_tRNA	GCA_000149845.2	supercont5.1	1797016	1797113
URS00002CF2DC_402676	Schizosaccharomyces japonicus yFS275 tRNA SJAG_16395	tRNA SJAG_16395	valyl_tRNA	GCA_000149845.2	supercont5.6	2439	2510
URS0000198240_402676	Schizosaccharomyces japonicus yFS275 tRNA-Undet for anticodon ???	tRNA-Undet for anticodon ???	tRNA	GCA_000149845.2	supercont5.2	1976870	1976950
URS0000198240_402676	Schizosaccharomyces japonicus yFS275 tRNA-Undet for anticodon ???	tRNA-Undet for anticodon ???	tRNA	GCA_000149845.2	supercont5.16	212	291
URS0000619C96_402676	Schizosaccharomyces japonicus yFS275 tRNA SJAG_16290	tRNA SJAG_16290	seryl_tRNA	GCA_000149845.2	supercont5.3	1425366	1425458
URS000059502B_402676	Schizosaccharomyces japonicus yFS275 tRNA SJAG_16415	tRNA SJAG_16415	prolyl_tRNA	GCA_000149845.2	supercont5.10	6474	6545
URS00001C62B9_402676	Schizosaccharomyces japonicus yFS275 tRNA SJAG_16128	tRNA SJAG_16128	tyrosyl_tRNA	GCA_000149845.2	supercont5.2	1978658	1978746
URS00000AB198_402676	Schizosaccharomyces japonicus yFS275 tRNA SJAG_16144	tRNA SJAG_16144	threonyl_tRNA	GCA_000149845.2	supercont5.2	1976490	1976561
URS00000AB198_402676	Schizosaccharomyces japonicus yFS275 tRNA SJAG_16144	tRNA SJAG_16144	threonyl_tRNA	GCA_000149845.2	supercont5.2	1982493	1982564
URS00000AB198_402676	Schizosaccharomyces japonicus yFS275 tRNA SJAG_16144	tRNA SJAG_16144	threonyl_tRNA	GCA_000149845.2	supercont5.2	2387002	2387073
URS00000AB198_402676	Schizosaccharomyces japonicus yFS275 tRNA SJAG_16144	tRNA SJAG_16144	threonyl_tRNA	GCA_000149845.2	supercont5.16	641	712
URS00000A5452_402676	Schizosaccharomyces japonicus yFS275 tRNA SJAG_16432	tRNA SJAG_16432	methionyl_tRNA	GCA_000149845.2	supercont5.12	1145	1235
URS00000A5452_402676	Schizosaccharomyces japonicus yFS275 tRNA SJAG_16432	tRNA SJAG_16432	methionyl_tRNA	GCA_000149845.2	supercont5.12	8510	8600
URS00000A5452_402676	Schizosaccharomyces japonicus yFS275 tRNA SJAG_16432	tRNA SJAG_16432	methionyl_tRNA	GCA_000149845.2	supercont5.12	4803	4893
URS00001E2D1B_402676	Schizosaccharomyces japonicus yFS275 tRNA SJAG_16407	tRNA SJAG_16407	prolyl_tRNA	GCA_000149845.2	supercont5.6	37519	37589
URS00001E2D1B_402676	Schizosaccharomyces japonicus yFS275 tRNA SJAG_16407	tRNA SJAG_16407	prolyl_tRNA	GCA_000149845.2	supercont5.10	10751	10822
URS00001E2D1B_402676	Schizosaccharomyces japonicus yFS275 tRNA SJAG_16407	tRNA SJAG_16407	prolyl_tRNA	GCA_000149845.2	supercont5.4	105290	105361
URS00001E2D1B_402676	Schizosaccharomyces japonicus yFS275 tRNA SJAG_16407	tRNA SJAG_16407	prolyl_tRNA	GCA_000149845.2	supercont5.4	123868	123939
URS00001E2D1B_402676	Schizosaccharomyces japonicus yFS275 tRNA SJAG_16407	tRNA SJAG_16407	prolyl_tRNA	GCA_000149845.2	supercont5.4	139031	139102
URS00001E2D1B_402676	Schizosaccharomyces japonicus yFS275 tRNA SJAG_16407	tRNA SJAG_16407	prolyl_tRNA	GCA_000149845.2	supercont5.4	155875	155946
URS00001E2D1B_402676	Schizosaccharomyces japonicus yFS275 tRNA SJAG_16407	tRNA SJAG_16407	prolyl_tRNA	GCA_000149845.2	supercont5.4	343	414
URS00001E2D1B_402676	Schizosaccharomyces japonicus yFS275 tRNA SJAG_16407	tRNA SJAG_16407	prolyl_tRNA	GCA_000149845.2	supercont5.6	65746	65817
URS00001E2D1B_402676	Schizosaccharomyces japonicus yFS275 tRNA SJAG_16407	tRNA SJAG_16407	prolyl_tRNA	GCA_000149845.2	supercont5.1	1783686	1783757
URS000058ABEC_402676	Schizosaccharomyces japonicus yFS275 tRNA SJAG_16109	tRNA SJAG_16109	seryl_tRNA	GCA_000149845.2	supercont5.2	1301337	1301429
URS00002E524F_402676	Schizosaccharomyces japonicus yFS275 tRNA SJAG_16168	tRNA SJAG_16168	arginyl_tRNA	GCA_000149845.2	supercont5.2	2390238	2390318
URS00002E524F_402676	Schizosaccharomyces japonicus yFS275 tRNA SJAG_16168	tRNA SJAG_16168	arginyl_tRNA	GCA_000149845.2	supercont5.2	1974087	1974167
URS00002E4F60_402676	Schizosaccharomyces japonicus yFS275 tRNA SJAG_16304	tRNA SJAG_16304	seryl_tRNA	GCA_000149845.2	supercont5.3	2043923	2044015
URS00002E4F60_402676	Schizosaccharomyces japonicus yFS275 tRNA SJAG_16304	tRNA SJAG_16304	seryl_tRNA	GCA_000149845.2	supercont5.3	1585456	1585548
URS00002E4F60_402676	Schizosaccharomyces japonicus yFS275 tRNA SJAG_16304	tRNA SJAG_16304	seryl_tRNA	GCA_000149845.2	supercont5.3	1584895	1584987
URS00002E4F60_402676	Schizosaccharomyces japonicus yFS275 tRNA SJAG_16304	tRNA SJAG_16304	seryl_tRNA	GCA_000149845.2	supercont5.3	1419418	1419510
URS00002E4F60_402676	Schizosaccharomyces japonicus yFS275 tRNA SJAG_16304	tRNA SJAG_16304	seryl_tRNA	GCA_000149845.2	supercont5.1	531779	531871
URS00002E4F60_402676	Schizosaccharomyces japonicus yFS275 tRNA SJAG_16304	tRNA SJAG_16304	seryl_tRNA	GCA_000149845.2	supercont5.1	3772278	3772370
URS00002E4F60_402676	Schizosaccharomyces japonicus yFS275 tRNA SJAG_16304	tRNA SJAG_16304	seryl_tRNA	GCA_000149845.2	supercont5.1	3547275	3547367
URS00002E4F60_402676	Schizosaccharomyces japonicus yFS275 tRNA SJAG_16304	tRNA SJAG_16304	seryl_tRNA	GCA_000149845.2	supercont5.1	3510270	3510362
URS00002E4F60_402676	Schizosaccharomyces japonicus yFS275 tRNA SJAG_16304	tRNA SJAG_16304	seryl_tRNA	GCA_000149845.2	supercont5.3	435652	435744
URS00001C3D84_402676	Schizosaccharomyces japonicus yFS275 tRNA SJAG_16117	tRNA SJAG_16117	glycyl_tRNA	GCA_000149845.2	supercont5.2	1974572	1974641
URS00001C3D84_402676	Schizosaccharomyces japonicus yFS275 tRNA SJAG_16117	tRNA SJAG_16117	glycyl_tRNA	GCA_000149845.2	supercont5.2	2384446	2384516
URS00001A12DA_402676	Schizosaccharomyces japonicus yFS275 tRNA SJAG_16148	tRNA SJAG_16148	isoleucyl_tRNA	GCA_000149845.2	supercont5.2	2099835	2099933
URS00001A12DA_402676	Schizosaccharomyces japonicus yFS275 tRNA SJAG_16148	tRNA SJAG_16148	isoleucyl_tRNA	GCA_000149845.2	supercont5.2	2083822	2083920
URS00005F4B2B_402676	Schizosaccharomyces japonicus yFS275 tRNA SJAG_16158	tRNA SJAG_16158	glycyl_tRNA	GCA_000149845.2	supercont5.2	2384446	2384516
URS00002F6596_402676	Schizosaccharomyces japonicus yFS275 tRNA SJAG_16081	tRNA SJAG_16081	glycyl_tRNA	GCA_000149845.2	supercont5.1	3839468	3839538
URS0000161F0C_402676	Schizosaccharomyces japonicus yFS275 tRNA SJAG_16038	tRNA SJAG_16038	methionyl_tRNA	GCA_000149845.2	supercont5.1	1847158	1847248
URS0000161F0C_402676	Schizosaccharomyces japonicus yFS275 tRNA SJAG_16038	tRNA SJAG_16038	methionyl_tRNA	GCA_000149845.2	supercont5.1	1829024	1829114
URS0000161F0C_402676	Schizosaccharomyces japonicus yFS275 tRNA SJAG_16038	tRNA SJAG_16038	methionyl_tRNA	GCA_000149845.2	supercont5.1	1806521	1806611
URS0000161F0C_402676	Schizosaccharomyces japonicus yFS275 tRNA SJAG_16038	tRNA SJAG_16038	methionyl_tRNA	GCA_000149845.2	supercont5.1	1790366	1790456
URS0000161F0C_402676	Schizosaccharomyces japonicus yFS275 tRNA SJAG_16038	tRNA SJAG_16038	methionyl_tRNA	GCA_000149845.2	supercont5.10	15131	15221
URS0000161F0C_402676	Schizosaccharomyces japonicus yFS275 tRNA SJAG_16038	tRNA SJAG_16038	methionyl_tRNA	GCA_000149845.2	supercont5.1	1837749	1837839
URS0000085E77_402676	Schizosaccharomyces japonicus yFS275 tRNA SJAG_16341	tRNA SJAG_16341	valyl_tRNA	GCA_000149845.2	supercont5.4	114366	114437
URS0000085E77_402676	Schizosaccharomyces japonicus yFS275 tRNA SJAG_16341	tRNA SJAG_16341	valyl_tRNA	GCA_000149845.2	supercont5.10	5645	5716
URS0000085E77_402676	Schizosaccharomyces japonicus yFS275 tRNA SJAG_16341	tRNA SJAG_16341	valyl_tRNA	GCA_000149845.2	supercont5.4	154507	154578
URS0000085E77_402676	Schizosaccharomyces japonicus yFS275 tRNA SJAG_16341	tRNA SJAG_16341	valyl_tRNA	GCA_000149845.2	supercont5.4	162292	162363
URS0000085E77_402676	Schizosaccharomyces japonicus yFS275 tRNA SJAG_16341	tRNA SJAG_16341	valyl_tRNA	GCA_000149845.2	supercont5.6	36263	36334
URS0000085E77_402676	Schizosaccharomyces japonicus yFS275 tRNA SJAG_16341	tRNA SJAG_16341	valyl_tRNA	GCA_000149845.2	supercont5.4	146307	146378
URS0000085E77_402676	Schizosaccharomyces japonicus yFS275 tRNA SJAG_16341	tRNA SJAG_16341	valyl_tRNA	GCA_000149845.2	supercont5.4	122482	122553
URS0000C8E563_402676	Schizosaccharomyces japonicus yFS275 tRNA-His for anticodon GUG	tRNA-His for anticodon GUG	histidyl_tRNA	GCA_000149845.2	supercont5.1	4227883	4227951
URS0000132891_402676	Schizosaccharomyces japonicus yFS275 tRNA SJAG_16129	tRNA SJAG_16129	tRNA	GCA_000149845.2	supercont5.2	1978810	1978911
URS000007B2F4_402676	Schizosaccharomyces japonicus yFS275 tRNA SJAG_16095	tRNA SJAG_16095	seryl_tRNA	GCA_000149845.2	supercont5.2	967804	967896
URS00001D45DA_402676	Schizosaccharomyces japonicus yFS275 tRNA SJAG_16124	tRNA SJAG_16124	methionyl_tRNA	GCA_000149845.2	supercont5.2	1976196	1976282
URS0000072427_402676	Schizosaccharomyces japonicus yFS275 tRNA SJAG_16034	tRNA SJAG_16034	glutaminyl_tRNA	GCA_000149845.2	supercont5.10	14854	14925
URS0000072427_402676	Schizosaccharomyces japonicus yFS275 tRNA SJAG_16034	tRNA SJAG_16034	glutaminyl_tRNA	GCA_000149845.2	supercont5.1	1837472	1837543
URS0000072427_402676	Schizosaccharomyces japonicus yFS275 tRNA SJAG_16034	tRNA SJAG_16034	glutaminyl_tRNA	GCA_000149845.2	supercont5.1	1829332	1829403
URS0000072427_402676	Schizosaccharomyces japonicus yFS275 tRNA SJAG_16034	tRNA SJAG_16034	glutaminyl_tRNA	GCA_000149845.2	supercont5.1	1847466	1847537
URS0000072427_402676	Schizosaccharomyces japonicus yFS275 tRNA SJAG_16034	tRNA SJAG_16034	glutaminyl_tRNA	GCA_000149845.2	supercont5.1	1806244	1806314
URS0000072427_402676	Schizosaccharomyces japonicus yFS275 tRNA SJAG_16034	tRNA SJAG_16034	glutaminyl_tRNA	GCA_000149845.2	supercont5.1	1796658	1796728
URS00000C084E_402676	Schizosaccharomyces japonicus yFS275 tRNA SJAG_16044	tRNA SJAG_16044	prolyl_tRNA	GCA_000149845.2	supercont5.2	3151140	3151211
URS00000C084E_402676	Schizosaccharomyces japonicus yFS275 tRNA SJAG_16044	tRNA SJAG_16044	prolyl_tRNA	GCA_000149845.2	supercont5.1	1811735	1811806
URS0000071C43_402676	Schizosaccharomyces japonicus yFS275 tRNA SJAG_16098	tRNA SJAG_16098	alanyl_tRNA	GCA_000149845.2	supercont5.3	339891	339962
URS0000071C43_402676	Schizosaccharomyces japonicus yFS275 tRNA SJAG_16098	tRNA SJAG_16098	alanyl_tRNA	GCA_000149845.2	supercont5.2	972278	972349
URS0000071C43_402676	Schizosaccharomyces japonicus yFS275 tRNA SJAG_16098	tRNA SJAG_16098	alanyl_tRNA	GCA_000149845.2	supercont5.28	2245	2316
URS0000071C43_402676	Schizosaccharomyces japonicus yFS275 tRNA SJAG_16098	tRNA SJAG_16098	alanyl_tRNA	GCA_000149845.2	supercont5.2	1049362	1049433
URS0000071C43_402676	Schizosaccharomyces japonicus yFS275 tRNA SJAG_16098	tRNA SJAG_16098	alanyl_tRNA	GCA_000149845.2	supercont5.2	1037597	1037668
URS0000071C43_402676	Schizosaccharomyces japonicus yFS275 tRNA SJAG_16098	tRNA SJAG_16098	alanyl_tRNA	GCA_000149845.2	supercont5.12	978	1049
URS0000071C43_402676	Schizosaccharomyces japonicus yFS275 tRNA SJAG_16098	tRNA SJAG_16098	alanyl_tRNA	GCA_000149845.2	supercont5.12	8343	8414
URS0000071C43_402676	Schizosaccharomyces japonicus yFS275 tRNA SJAG_16098	tRNA SJAG_16098	alanyl_tRNA	GCA_000149845.2	supercont5.12	12424	12495
URS0000071C43_402676	Schizosaccharomyces japonicus yFS275 tRNA SJAG_16098	tRNA SJAG_16098	alanyl_tRNA	GCA_000149845.2	supercont5.1	1842359	1842430
URS0000071C43_402676	Schizosaccharomyces japonicus yFS275 tRNA SJAG_16098	tRNA SJAG_16098	alanyl_tRNA	GCA_000149845.2	supercont5.1	1819417	1819488
URS0000071C43_402676	Schizosaccharomyces japonicus yFS275 tRNA SJAG_16098	tRNA SJAG_16098	alanyl_tRNA	GCA_000149845.2	supercont5.1	1810105	1810176
URS0000071C43_402676	Schizosaccharomyces japonicus yFS275 tRNA SJAG_16098	tRNA SJAG_16098	alanyl_tRNA	GCA_000149845.2	supercont5.1	1824415	1824486
URS00000948D0_402676	Schizosaccharomyces japonicus yFS275 tRNA-Undet for anticodon ???	tRNA-Undet for anticodon ???	tRNA	GCA_000149845.2	supercont5.12	1761	1831
URS00000948D0_402676	Schizosaccharomyces japonicus yFS275 tRNA-Undet for anticodon ???	tRNA-Undet for anticodon ???	tRNA	GCA_000149845.2	supercont5.1	1843973	1844043
URS00000948D0_402676	Schizosaccharomyces japonicus yFS275 tRNA-Undet for anticodon ???	tRNA-Undet for anticodon ???	tRNA	GCA_000149845.2	supercont5.12	13206	13275
URS00000948D0_402676	Schizosaccharomyces japonicus yFS275 tRNA-Undet for anticodon ???	tRNA-Undet for anticodon ???	tRNA	GCA_000149845.2	supercont5.2	965462	965532
URS00000948D0_402676	Schizosaccharomyces japonicus yFS275 tRNA-Undet for anticodon ???	tRNA-Undet for anticodon ???	tRNA	GCA_000149845.2	supercont5.12	9129	9199
URS00000948D0_402676	Schizosaccharomyces japonicus yFS275 tRNA-Undet for anticodon ???	tRNA-Undet for anticodon ???	tRNA	GCA_000149845.2	supercont5.1	1808202	1808272
URS00000948D0_402676	Schizosaccharomyces japonicus yFS275 tRNA-Undet for anticodon ???	tRNA-Undet for anticodon ???	tRNA	GCA_000149845.2	supercont5.1	1817818	1817888
URS00000948D0_402676	Schizosaccharomyces japonicus yFS275 tRNA-Undet for anticodon ???	tRNA-Undet for anticodon ???	tRNA	GCA_000149845.2	supercont5.1	1813014	1813084
URS00005D0BEB_402676	Schizosaccharomyces japonicus yFS275 tRNA SJAG_16142	tRNA SJAG_16142	asparaginyl_tRNA	GCA_000149845.2	supercont5.2	1982101	1982173
URS00001A0637_402676	Schizosaccharomyces japonicus yFS275 tRNA SJAG_16160	tRNA SJAG_16160	tRNA	GCA_000149845.2	supercont5.2	2385137	2385229
URS00001A0637_402676	Schizosaccharomyces japonicus yFS275 tRNA SJAG_16160	tRNA SJAG_16160	tRNA	GCA_000149845.2	supercont5.2	1975130	1975225
URS00004B6D1B_402676	Schizosaccharomyces japonicus yFS275 tRNA SJAG_16025	tRNA SJAG_16025	seryl_tRNA	GCA_000149845.2	supercont5.1	1081020	1081119
URS000036E153_402676	Schizosaccharomyces japonicus yFS275 tRNA SJAG_16293	tRNA SJAG_16293	prolyl_tRNA	GCA_000149845.2	supercont5.3	1552574	1552645
URS00005F2F5E_402676	Schizosaccharomyces japonicus yFS275 tRNA SJAG_16426	tRNA SJAG_16426	leucyl_tRNA	GCA_000149845.2	supercont5.4	121405	121498
URS00005F2F5E_402676	Schizosaccharomyces japonicus yFS275 tRNA SJAG_16426	tRNA SJAG_16426	leucyl_tRNA	GCA_000149845.2	supercont5.10	13497	13588
URS00005F2F5E_402676	Schizosaccharomyces japonicus yFS275 tRNA SJAG_16426	tRNA SJAG_16426	leucyl_tRNA	GCA_000149845.2	supercont5.4	113289	113382
URS00005D2B73_402676	Schizosaccharomyces japonicus yFS275 tRNA SJAG_16143	tRNA SJAG_16143	methionyl_tRNA	GCA_000149845.2	supercont5.2	1982197	1982282
URS00005D2B73_402676	Schizosaccharomyces japonicus yFS275 tRNA SJAG_16143	tRNA SJAG_16143	methionyl_tRNA	GCA_000149845.2	supercont5.2	1976196	1976282
URS000017FBAD_402676	Schizosaccharomyces japonicus yFS275 tRNA SJAG_16060	tRNA SJAG_16060	prolyl_tRNA	GCA_000149845.2	supercont5.1	1798081	1798196
URS000017FBAD_402676	Schizosaccharomyces japonicus yFS275 tRNA SJAG_16060	tRNA SJAG_16060	prolyl_tRNA	GCA_000149845.2	supercont5.1	1834820	1834918
URS000042407E_402676	Schizosaccharomyces japonicus yFS275 tRNA SJAG_16135	tRNA SJAG_16135	isoleucyl_tRNA	GCA_000149845.2	supercont5.2	1980409	1980493
URS000042407E_402676	Schizosaccharomyces japonicus yFS275 tRNA SJAG_16135	tRNA SJAG_16135	isoleucyl_tRNA	GCA_000149845.2	supercont5.2	1974905	1974990
URS00004A4F8D_402676	Schizosaccharomyces japonicus yFS275 tRNA SJAG_16140	tRNA SJAG_16140	glutamyl_tRNA	GCA_000149845.2	supercont5.2	1981680	1981750
URS00004A4F8D_402676	Schizosaccharomyces japonicus yFS275 tRNA SJAG_16140	tRNA SJAG_16140	glutamyl_tRNA	GCA_000149845.2	supercont5.2	2388177	2388247
URS00003CB89E_402676	Schizosaccharomyces japonicus yFS275 tRNA SJAG_16403	tRNA SJAG_16403	prolyl_tRNA	GCA_000149845.2	supercont5.10	7841	7912
URS00003CB89E_402676	Schizosaccharomyces japonicus yFS275 tRNA SJAG_16403	tRNA SJAG_16403	prolyl_tRNA	GCA_000149845.2	supercont5.4	164478	164549
URS00003CB89E_402676	Schizosaccharomyces japonicus yFS275 tRNA SJAG_16403	tRNA SJAG_16403	prolyl_tRNA	GCA_000149845.2	supercont5.4	161471	161542
URS00003CB89E_402676	Schizosaccharomyces japonicus yFS275 tRNA SJAG_16403	tRNA SJAG_16403	prolyl_tRNA	GCA_000149845.2	supercont5.4	156657	156728
URS00003CB89E_402676	Schizosaccharomyces japonicus yFS275 tRNA SJAG_16403	tRNA SJAG_16403	prolyl_tRNA	GCA_000149845.2	supercont5.4	153681	153752
URS00003CB89E_402676	Schizosaccharomyces japonicus yFS275 tRNA SJAG_16403	tRNA SJAG_16403	prolyl_tRNA	GCA_000149845.2	supercont5.4	145479	145550
URS00003CB89E_402676	Schizosaccharomyces japonicus yFS275 tRNA SJAG_16403	tRNA SJAG_16403	prolyl_tRNA	GCA_000149845.2	supercont5.4	125003	125074
URS00003CB89E_402676	Schizosaccharomyces japonicus yFS275 tRNA SJAG_16403	tRNA SJAG_16403	prolyl_tRNA	GCA_000149845.2	supercont5.4	121656	121727
URS00003CB89E_402676	Schizosaccharomyces japonicus yFS275 tRNA SJAG_16403	tRNA SJAG_16403	prolyl_tRNA	GCA_000149845.2	supercont5.4	113539	113610
URS00003CB89E_402676	Schizosaccharomyces japonicus yFS275 tRNA SJAG_16403	tRNA SJAG_16403	prolyl_tRNA	GCA_000149845.2	supercont5.4	106066	106137
URS00003CB89E_402676	Schizosaccharomyces japonicus yFS275 tRNA SJAG_16403	tRNA SJAG_16403	prolyl_tRNA	GCA_000149845.2	supercont5.1	4290016	4290087
URS00003CB89E_402676	Schizosaccharomyces japonicus yFS275 tRNA SJAG_16403	tRNA SJAG_16403	prolyl_tRNA	GCA_000149845.2	supercont5.6	1610	1681
URS00003CB89E_402676	Schizosaccharomyces japonicus yFS275 tRNA SJAG_16403	tRNA SJAG_16403	prolyl_tRNA	GCA_000149845.2	supercont5.6	4676	4747
URS00003CB89E_402676	Schizosaccharomyces japonicus yFS275 tRNA SJAG_16403	tRNA SJAG_16403	prolyl_tRNA	GCA_000149845.2	supercont5.6	38291	38362
URS00003CB89E_402676	Schizosaccharomyces japonicus yFS275 tRNA SJAG_16403	tRNA SJAG_16403	prolyl_tRNA	GCA_000149845.2	supercont5.6	35452	35522
URS00003CB89E_402676	Schizosaccharomyces japonicus yFS275 tRNA SJAG_16403	tRNA SJAG_16403	prolyl_tRNA	GCA_000149845.2	supercont5.10	9965	10035
URS00002D4976_402676	Schizosaccharomyces japonicus yFS275 tRNA SJAG_16083	tRNA SJAG_16083	histidyl_tRNA	GCA_000149845.2	supercont5.10	9766	9837
URS00002D4976_402676	Schizosaccharomyces japonicus yFS275 tRNA SJAG_16083	tRNA SJAG_16083	histidyl_tRNA	GCA_000149845.2	supercont5.1	4289811	4289882
URS00002D4976_402676	Schizosaccharomyces japonicus yFS275 tRNA SJAG_16083	tRNA SJAG_16083	histidyl_tRNA	GCA_000149845.2	supercont5.4	106268	106339
URS00002D4976_402676	Schizosaccharomyces japonicus yFS275 tRNA SJAG_16083	tRNA SJAG_16083	histidyl_tRNA	GCA_000149845.2	supercont5.4	125206	125277
URS00002D4976_402676	Schizosaccharomyces japonicus yFS275 tRNA SJAG_16083	tRNA SJAG_16083	histidyl_tRNA	GCA_000149845.2	supercont5.4	151672	151743
URS00002D4976_402676	Schizosaccharomyces japonicus yFS275 tRNA SJAG_16083	tRNA SJAG_16083	histidyl_tRNA	GCA_000149845.2	supercont5.4	156857	156928
URS00002D4976_402676	Schizosaccharomyces japonicus yFS275 tRNA SJAG_16083	tRNA SJAG_16083	histidyl_tRNA	GCA_000149845.2	supercont5.4	159476	159547
URS00002D4976_402676	Schizosaccharomyces japonicus yFS275 tRNA SJAG_16083	tRNA SJAG_16083	histidyl_tRNA	GCA_000149845.2	supercont5.4	164683	164754
URS00002D4976_402676	Schizosaccharomyces japonicus yFS275 tRNA SJAG_16083	tRNA SJAG_16083	histidyl_tRNA	GCA_000149845.2	supercont5.4	167265	167336
URS00002D4976_402676	Schizosaccharomyces japonicus yFS275 tRNA SJAG_16083	tRNA SJAG_16083	histidyl_tRNA	GCA_000149845.2	supercont5.6	33520	33591
URS00002D4976_402676	Schizosaccharomyces japonicus yFS275 tRNA SJAG_16083	tRNA SJAG_16083	histidyl_tRNA	GCA_000149845.2	supercont5.6	38490	38561
URS00002D4976_402676	Schizosaccharomyces japonicus yFS275 tRNA SJAG_16083	tRNA SJAG_16083	histidyl_tRNA	GCA_000149845.2	supercont5.6	4880	4951
URS00002D4976_402676	Schizosaccharomyces japonicus yFS275 tRNA SJAG_16083	tRNA SJAG_16083	histidyl_tRNA	GCA_000149845.2	supercont5.7	28967	29038
URS00002D4976_402676	Schizosaccharomyces japonicus yFS275 tRNA SJAG_16083	tRNA SJAG_16083	histidyl_tRNA	GCA_000149845.2	supercont5.27	1490	1561
URS0000551215_402676	Schizosaccharomyces japonicus yFS275 tRNA SJAG_16321	tRNA SJAG_16321	valyl_tRNA	GCA_000149845.2	supercont5.10	5628	5715
URS0000551215_402676	Schizosaccharomyces japonicus yFS275 tRNA SJAG_16321	tRNA SJAG_16321	valyl_tRNA	GCA_000149845.2	supercont5.4	146308	146395
URS0000551215_402676	Schizosaccharomyces japonicus yFS275 tRNA SJAG_16321	tRNA SJAG_16321	valyl_tRNA	GCA_000149845.2	supercont5.4	82564	82637
URS0000393C5A_402676	Schizosaccharomyces japonicus yFS275 tRNA SJAG_16291	tRNA SJAG_16291	leucyl_tRNA	GCA_000149845.2	supercont5.3	1426696	1426798
URS00000D3ACC_402676	Schizosaccharomyces japonicus yFS275 tRNA SJAG_16122	tRNA SJAG_16122	leucyl_tRNA	GCA_000149845.2	supercont5.2	1975819	1975925
URS0000151A60_402676	Schizosaccharomyces japonicus yFS275 tRNA SJAG_16193	tRNA SJAG_16193	leucyl_tRNA	GCA_000149845.2	supercont5.2	2683610	2683703
URS0000089124_402676	Schizosaccharomyces japonicus yFS275 tRNA SJAG_16151	tRNA SJAG_16151	prolyl_tRNA	GCA_000149845.2	supercont5.2	2254005	2254096
URS000017041D_402676	Schizosaccharomyces japonicus yFS275 tRNA-Undet for anticodon ???	tRNA-Undet for anticodon ???	tRNA	GCA_000149845.2	supercont5.2	1976870	1976950
URS000053152C_402676	Schizosaccharomyces japonicus yFS275 tRNA SJAG_16116	tRNA SJAG_16116	lysyl_tRNA	GCA_000149845.2	supercont5.2	1974423	1974506
URS0000375BAA_402676	Schizosaccharomyces japonicus yFS275 tRNA SJAG_16289	tRNA SJAG_16289	isoleucyl_tRNA	GCA_000149845.2	supercont5.3	1581188	1581286
URS0000375BAA_402676	Schizosaccharomyces japonicus yFS275 tRNA SJAG_16289	tRNA SJAG_16289	isoleucyl_tRNA	GCA_000149845.2	supercont5.3	2618135	2618233
URS0000375BAA_402676	Schizosaccharomyces japonicus yFS275 tRNA SJAG_16289	tRNA SJAG_16289	isoleucyl_tRNA	GCA_000149845.2	supercont5.3	1424925	1425023
URS0000375BAA_402676	Schizosaccharomyces japonicus yFS275 tRNA SJAG_16289	tRNA SJAG_16289	isoleucyl_tRNA	GCA_000149845.2	supercont5.3	1427632	1427730
URS00005A8688_402676	Schizosaccharomyces japonicus yFS275 tRNA SJAG_16376	tRNA SJAG_16376	seryl_tRNA	GCA_000149845.2	supercont5.10	14274	14367
URS00005A8688_402676	Schizosaccharomyces japonicus yFS275 tRNA SJAG_16376	tRNA SJAG_16376	seryl_tRNA	GCA_000149845.2	supercont5.4	112527	112620
URS00005A8688_402676	Schizosaccharomyces japonicus yFS275 tRNA SJAG_16376	tRNA SJAG_16376	seryl_tRNA	GCA_000149845.2	supercont5.4	160469	160561
URS000051C3B2_402676	Schizosaccharomyces japonicus yFS275 tRNA SJAG_16069	tRNA SJAG_16069	glutaminyl_tRNA	GCA_000149845.2	supercont5.1	1829332	1829403
URS000051C3B2_402676	Schizosaccharomyces japonicus yFS275 tRNA SJAG_16069	tRNA SJAG_16069	glutaminyl_tRNA	GCA_000149845.2	supercont5.1	1847466	1847537
URS000051C3B2_402676	Schizosaccharomyces japonicus yFS275 tRNA SJAG_16069	tRNA SJAG_16069	glutaminyl_tRNA	GCA_000149845.2	supercont5.10	14854	14925
URS000051C3B2_402676	Schizosaccharomyces japonicus yFS275 tRNA SJAG_16069	tRNA SJAG_16069	glutaminyl_tRNA	GCA_000149845.2	supercont5.1	1837472	1837543
URS00004395E4_402676	Schizosaccharomyces japonicus yFS275 tRNA SJAG_16133	tRNA SJAG_16133	lysyl_tRNA	GCA_000149845.2	supercont5.2	1979933	1980016
URS00004395E4_402676	Schizosaccharomyces japonicus yFS275 tRNA SJAG_16133	tRNA SJAG_16133	lysyl_tRNA	GCA_000149845.2	supercont5.2	2384275	2384358
URS00003851C8_402676	Schizosaccharomyces japonicus yFS275 tRNA SJAG_16317	tRNA SJAG_16317	threonyl_tRNA	GCA_000149845.2	supercont5.4	1	65
URS00002ED3C8_402676	Schizosaccharomyces japonicus yFS275 tRNA SJAG_16320	tRNA SJAG_16320	glutaminyl_tRNA	GCA_000149845.2	supercont5.4	80589	80659
URS00002ED3C8_402676	Schizosaccharomyces japonicus yFS275 tRNA SJAG_16320	tRNA SJAG_16320	glutaminyl_tRNA	GCA_000149845.2	supercont5.1	1829332	1829403
URS00002ED3C8_402676	Schizosaccharomyces japonicus yFS275 tRNA SJAG_16320	tRNA SJAG_16320	glutaminyl_tRNA	GCA_000149845.2	supercont5.1	1847466	1847537
URS00002ED3C8_402676	Schizosaccharomyces japonicus yFS275 tRNA SJAG_16320	tRNA SJAG_16320	glutaminyl_tRNA	GCA_000149845.2	supercont5.1	1837472	1837543
URS00002ED3C8_402676	Schizosaccharomyces japonicus yFS275 tRNA SJAG_16320	tRNA SJAG_16320	glutaminyl_tRNA	GCA_000149845.2	supercont5.10	14854	14925
URS00002E3E42_402676	Schizosaccharomyces japonicus yFS275 tRNA SJAG_16099	tRNA SJAG_16099	glycyl_tRNA	GCA_000149845.2	supercont5.2	972720	972790
URS0000458E4C_402676	Schizosaccharomyces japonicus yFS275 tRNA SJAG_16146	tRNA SJAG_16146	seryl_tRNA	GCA_000149845.2	supercont5.2	1982876	1982953
URS000040D269_402676	Schizosaccharomyces japonicus yFS275 tRNA SJAG_16153	tRNA SJAG_16153	glycyl_tRNA	GCA_000149845.2	supercont5.2	2384446	2384516
URS000040D269_402676	Schizosaccharomyces japonicus yFS275 tRNA SJAG_16153	tRNA SJAG_16153	glycyl_tRNA	GCA_000149845.2	supercont5.2	2379353	2379421
URS0000384CDE_402676	Schizosaccharomyces japonicus yFS275 tRNA SJAG_16021	tRNA SJAG_16021	leucyl_tRNA	GCA_000149845.2	supercont5.1	1032497	1032589
URS000033E191_402676	Schizosaccharomyces japonicus yFS275 tRNA SJAG_16155	tRNA SJAG_16155	seryl_tRNA	GCA_000149845.2	supercont5.2	2380025	2380117
URS000023D17C_402676	Schizosaccharomyces japonicus yFS275 tRNA SJAG_16119	tRNA SJAG_16119	glutaminyl_tRNA	GCA_000149845.2	supercont5.2	1975130	1975225
URS00001ED8AE_402676	Schizosaccharomyces japonicus yFS275 tRNA SJAG_16134	tRNA SJAG_16134	tRNA	GCA_000149845.2	supercont5.2	1980080	1980148
URS0000039620_402676	Schizosaccharomyces japonicus yFS275 tRNA SJAG_16145	tRNA SJAG_16145	aspartyl_tRNA	GCA_000149845.2	supercont5.2	1982741	1982811
URS0000386E0B_402676	Schizosaccharomyces japonicus yFS275 tRNA SJAG_16301	tRNA SJAG_16301	seryl_tRNA	GCA_000149845.2	supercont5.3	1589364	1589456
URS000037DF9B_402676	Schizosaccharomyces japonicus yFS275 tRNA SJAG_16123	tRNA SJAG_16123	asparaginyl_tRNA	GCA_000149845.2	supercont5.2	1976101	1976173
URS00003730F7_402676	Schizosaccharomyces japonicus yFS275 tRNA SJAG_16446	tRNA SJAG_16446	glutamyl_tRNA	GCA_000149845.2	supercont5.16	6762	6831
URS000035BC1F_402676	Schizosaccharomyces japonicus yFS275 tRNA SJAG_16340	tRNA SJAG_16340	lysyl_tRNA	GCA_000149845.2	supercont5.4	145763	145855
URS000035BC1F_402676	Schizosaccharomyces japonicus yFS275 tRNA SJAG_16340	tRNA SJAG_16340	lysyl_tRNA	GCA_000149845.2	supercont5.10	12972	13064
URS000035BC1F_402676	Schizosaccharomyces japonicus yFS275 tRNA SJAG_16340	tRNA SJAG_16340	lysyl_tRNA	GCA_000149845.2	supercont5.6	1894	1986
URS000035BC1F_402676	Schizosaccharomyces japonicus yFS275 tRNA SJAG_16340	tRNA SJAG_16340	lysyl_tRNA	GCA_000149845.2	supercont5.6	35730	35822
URS000035BC1F_402676	Schizosaccharomyces japonicus yFS275 tRNA SJAG_16340	tRNA SJAG_16340	lysyl_tRNA	GCA_000149845.2	supercont5.10	6166	6258
URS000035BC1F_402676	Schizosaccharomyces japonicus yFS275 tRNA SJAG_16340	tRNA SJAG_16340	lysyl_tRNA	GCA_000149845.2	supercont5.4	161754	161846
URS000035BC1F_402676	Schizosaccharomyces japonicus yFS275 tRNA SJAG_16340	tRNA SJAG_16340	lysyl_tRNA	GCA_000149845.2	supercont5.4	153964	154056
URS000035BC1F_402676	Schizosaccharomyces japonicus yFS275 tRNA SJAG_16340	tRNA SJAG_16340	lysyl_tRNA	GCA_000149845.2	supercont5.4	113823	113915
URS000035BC1F_402676	Schizosaccharomyces japonicus yFS275 tRNA SJAG_16340	tRNA SJAG_16340	lysyl_tRNA	GCA_000149845.2	supercont5.4	121938	122030
URS0000353CAC_402676	Schizosaccharomyces japonicus yFS275 tRNA SJAG_16316	tRNA SJAG_16316	seryl_tRNA	GCA_000149845.2	supercont5.3	2626997	2627089
URS00003430B3_402676	Schizosaccharomyces japonicus yFS275 tRNA SJAG_16043	tRNA SJAG_16043	arginyl_tRNA	GCA_000149845.2	supercont5.1	1815544	1815617
URS00003430B3_402676	Schizosaccharomyces japonicus yFS275 tRNA SJAG_16043	tRNA SJAG_16043	arginyl_tRNA	GCA_000149845.2	supercont5.1	1811057	1811130
URS000033F1B1_402676	Schizosaccharomyces japonicus yFS275 tRNA SJAG_16284	tRNA SJAG_16284	arginyl_tRNA	GCA_000149845.2	supercont5.3	1392413	1392484
URS000033D392_402676	Schizosaccharomyces japonicus yFS275 tRNA SJAG_16121	tRNA SJAG_16121	tRNA	GCA_000149845.2	supercont5.2	1975677	1975742
URS00002FC854_402676	Schizosaccharomyces japonicus yFS275 tRNA SJAG_16240	tRNA SJAG_16240	arginyl_tRNA	GCA_000149845.2	supercont5.1	1539265	1539338
URS00002FC854_402676	Schizosaccharomyces japonicus yFS275 tRNA SJAG_16240	tRNA SJAG_16240	arginyl_tRNA	GCA_000149845.2	supercont5.2	3454343	3454416
URS00002E22B4_402676	Schizosaccharomyces japonicus yFS275 tRNA-Undet for anticodon ???	tRNA-Undet for anticodon ???	tRNA	GCA_000149845.2	supercont5.12	13206	13275
URS00002E22B4_402676	Schizosaccharomyces japonicus yFS275 tRNA-Undet for anticodon ???	tRNA-Undet for anticodon ???	tRNA	GCA_000149845.2	supercont5.12	9129	9199
URS00002E22B4_402676	Schizosaccharomyces japonicus yFS275 tRNA-Undet for anticodon ???	tRNA-Undet for anticodon ???	tRNA	GCA_000149845.2	supercont5.12	1761	1831
URS00002E22B4_402676	Schizosaccharomyces japonicus yFS275 tRNA-Undet for anticodon ???	tRNA-Undet for anticodon ???	tRNA	GCA_000149845.2	supercont5.2	965462	965532
URS00002E22B4_402676	Schizosaccharomyces japonicus yFS275 tRNA-Undet for anticodon ???	tRNA-Undet for anticodon ???	tRNA	GCA_000149845.2	supercont5.12	5420	5488
URS00002E22B4_402676	Schizosaccharomyces japonicus yFS275 tRNA-Undet for anticodon ???	tRNA-Undet for anticodon ???	tRNA	GCA_000149845.2	supercont5.1	1808202	1808272
URS00002E22B4_402676	Schizosaccharomyces japonicus yFS275 tRNA-Undet for anticodon ???	tRNA-Undet for anticodon ???	tRNA	GCA_000149845.2	supercont5.1	1817818	1817888
URS00002E22B4_402676	Schizosaccharomyces japonicus yFS275 tRNA-Undet for anticodon ???	tRNA-Undet for anticodon ???	tRNA	GCA_000149845.2	supercont5.1	1843973	1844043
URS00002E22B4_402676	Schizosaccharomyces japonicus yFS275 tRNA-Undet for anticodon ???	tRNA-Undet for anticodon ???	tRNA	GCA_000149845.2	supercont5.1	1813014	1813084
URS00002D13CE_402676	Schizosaccharomyces japonicus yFS275 tRNA SJAG_16391	tRNA SJAG_16391	cysteinyl_tRNA	GCA_000149845.2	supercont5.4	112785	112856
URS00002D13CE_402676	Schizosaccharomyces japonicus yFS275 tRNA SJAG_16391	tRNA SJAG_16391	cysteinyl_tRNA	GCA_000149845.2	supercont5.4	120901	120972
URS00002D13CE_402676	Schizosaccharomyces japonicus yFS275 tRNA SJAG_16391	tRNA SJAG_16391	cysteinyl_tRNA	GCA_000149845.2	supercont5.4	152905	152976
URS00002D13CE_402676	Schizosaccharomyces japonicus yFS275 tRNA SJAG_16391	tRNA SJAG_16391	cysteinyl_tRNA	GCA_000149845.2	supercont5.4	160721	160792
URS00002D13CE_402676	Schizosaccharomyces japonicus yFS275 tRNA SJAG_16391	tRNA SJAG_16391	cysteinyl_tRNA	GCA_000149845.2	supercont5.6	34726	34797
URS00002D13CE_402676	Schizosaccharomyces japonicus yFS275 tRNA SJAG_16391	tRNA SJAG_16391	cysteinyl_tRNA	GCA_000149845.2	supercont5.6	856	927
URS00002D13CE_402676	Schizosaccharomyces japonicus yFS275 tRNA SJAG_16391	tRNA SJAG_16391	cysteinyl_tRNA	GCA_000149845.2	supercont5.10	8590	8661
URS00002D13CE_402676	Schizosaccharomyces japonicus yFS275 tRNA SJAG_16391	tRNA SJAG_16391	cysteinyl_tRNA	GCA_000149845.2	supercont5.10	14041	14112
URS00002D0528_402676	Schizosaccharomyces japonicus yFS275 tRNA SJAG_16159	tRNA SJAG_16159	isoleucyl_tRNA	GCA_000149845.2	supercont5.2	2391171	2391256
URS00002D0528_402676	Schizosaccharomyces japonicus yFS275 tRNA SJAG_16159	tRNA SJAG_16159	isoleucyl_tRNA	GCA_000149845.2	supercont5.2	2384795	2384880
URS00002C4691_402676	Schizosaccharomyces japonicus yFS275 tRNA SJAG_16204	tRNA SJAG_16204	glutaminyl_tRNA	GCA_000149845.2	supercont5.2	2931693	2931764
URS00002A3A4E_402676	Schizosaccharomyces japonicus yFS275 tRNA SJAG_16343	tRNA SJAG_16343	threonyl_tRNA	GCA_000149845.2	supercont5.6	65402	65473
URS00002A3A4E_402676	Schizosaccharomyces japonicus yFS275 tRNA SJAG_16343	tRNA SJAG_16343	threonyl_tRNA	GCA_000149845.2	supercont5.4	163343	163414
URS00002A3A4E_402676	Schizosaccharomyces japonicus yFS275 tRNA SJAG_16343	tRNA SJAG_16343	threonyl_tRNA	GCA_000149845.2	supercont5.4	155532	155603
URS00002A3A4E_402676	Schizosaccharomyces japonicus yFS275 tRNA SJAG_16343	tRNA SJAG_16343	threonyl_tRNA	GCA_000149845.2	supercont5.4	138684	138755
URS00002A3A4E_402676	Schizosaccharomyces japonicus yFS275 tRNA SJAG_16343	tRNA SJAG_16343	threonyl_tRNA	GCA_000149845.2	supercont5.4	123524	123595
URS00002A3A4E_402676	Schizosaccharomyces japonicus yFS275 tRNA SJAG_16343	tRNA SJAG_16343	threonyl_tRNA	GCA_000149845.2	supercont5.4	104945	105016
URS00002A3A4E_402676	Schizosaccharomyces japonicus yFS275 tRNA SJAG_16343	tRNA SJAG_16343	threonyl_tRNA	GCA_000149845.2	supercont5.10	11097	11168
URS0000294B54_402676	Schizosaccharomyces japonicus yFS275 tRNA SJAG_16238	tRNA SJAG_16238	leucyl_tRNA	GCA_000149845.2	supercont5.2	3450719	3450822
URS0000294B54_402676	Schizosaccharomyces japonicus yFS275 tRNA SJAG_16238	tRNA SJAG_16238	leucyl_tRNA	GCA_000149845.2	supercont5.2	3452353	3452456
URS0000275763_402676	Schizosaccharomyces japonicus yFS275 tRNA SJAG_16030	tRNA SJAG_16030	seryl_tRNA	GCA_000149845.2	supercont5.1	1708116	1708208
URS0000261966_402676	Schizosaccharomyces japonicus yFS275 tRNA SJAG_16428	tRNA SJAG_16428	seryl_tRNA	GCA_000149845.2	supercont5.4	112527	112620
URS0000261966_402676	Schizosaccharomyces japonicus yFS275 tRNA SJAG_16428	tRNA SJAG_16428	seryl_tRNA	GCA_000149845.2	supercont5.10	14274	14367
URS000025767A_402676	Schizosaccharomyces japonicus yFS275 tRNA SJAG_16075	tRNA SJAG_16075	leucyl_tRNA	GCA_000149845.2	supercont5.1	3508923	3509025
URS000025543D_402676	Schizosaccharomyces japonicus yFS275 tRNA SJAG_16103	tRNA SJAG_16103	isoleucyl_tRNA	GCA_000149845.2	supercont5.2	1048326	1048424
URS0000243CD3_402676	Schizosaccharomyces japonicus yFS275 tRNA SJAG_16147	tRNA SJAG_16147	tRNA	GCA_000149845.2	supercont5.2	1983155	1983236
URS0000239136_402676	Schizosaccharomyces japonicus yFS275 tRNA SJAG_16071	tRNA SJAG_16071	seryl_tRNA	GCA_000149845.2	supercont5.1	3231175	3231267
URS000022390F_402676	Schizosaccharomyces japonicus yFS275 tRNA SJAG_16046	tRNA SJAG_16046	methionyl_tRNA	GCA_000149845.2	supercont5.28	2014	2104
URS000022390F_402676	Schizosaccharomyces japonicus yFS275 tRNA SJAG_16046	tRNA SJAG_16046	methionyl_tRNA	GCA_000149845.2	supercont5.1	1842130	1842220
URS000022390F_402676	Schizosaccharomyces japonicus yFS275 tRNA SJAG_16046	tRNA SJAG_16046	methionyl_tRNA	GCA_000149845.2	supercont5.1	1814802	1814892
URS000022390F_402676	Schizosaccharomyces japonicus yFS275 tRNA SJAG_16046	tRNA SJAG_16046	methionyl_tRNA	GCA_000149845.2	supercont5.1	1824627	1824717
URS000022276F_402676	Schizosaccharomyces japonicus yFS275 tRNA SJAG_16400	tRNA SJAG_16400	seryl_tRNA	GCA_000149845.2	supercont5.10	8816	8907
URS000022276F_402676	Schizosaccharomyces japonicus yFS275 tRNA SJAG_16400	tRNA SJAG_16400	seryl_tRNA	GCA_000149845.2	supercont5.6	34475	34566
URS000022276F_402676	Schizosaccharomyces japonicus yFS275 tRNA SJAG_16400	tRNA SJAG_16400	seryl_tRNA	GCA_000149845.2	supercont5.4	160469	160561
URS000022276F_402676	Schizosaccharomyces japonicus yFS275 tRNA SJAG_16400	tRNA SJAG_16400	seryl_tRNA	GCA_000149845.2	supercont5.4	112527	112620
URS000022276F_402676	Schizosaccharomyces japonicus yFS275 tRNA SJAG_16400	tRNA SJAG_16400	seryl_tRNA	GCA_000149845.2	supercont5.10	14274	14367
URS0000221550_402676	Schizosaccharomyces japonicus yFS275 tRNA SJAG_16092	tRNA SJAG_16092	prolyl_tRNA	GCA_000149845.2	supercont5.2	957857	957947
URS0000210784_402676	Schizosaccharomyces japonicus yFS275 tRNA SJAG_16308	tRNA SJAG_16308	seryl_tRNA	GCA_000149845.2	supercont5.3	2050510	2050602
URS000017C13D_402676	Schizosaccharomyces japonicus yFS275 tRNA SJAG_16090	tRNA SJAG_16090	seryl_tRNA	GCA_000149845.2	supercont5.2	778948	779040
URS000017C13D_402676	Schizosaccharomyces japonicus yFS275 tRNA SJAG_16090	tRNA SJAG_16090	seryl_tRNA	GCA_000149845.2	supercont5.3	2046607	2046699
URS00001626B9_402676	Schizosaccharomyces japonicus yFS275 tRNA	tRNA	leucyl_tRNA	GCA_000149845.2	supercont5.2	1981824	1981929
URS0000109B4A_402676	Schizosaccharomyces japonicus yFS275 tRNA SJAG_16167	tRNA SJAG_16167	phenylalanyl_tRNA	GCA_000149845.2	supercont5.2	2390031	2390101
URS0000109B4A_402676	Schizosaccharomyces japonicus yFS275 tRNA SJAG_16167	tRNA SJAG_16167	phenylalanyl_tRNA	GCA_000149845.2	supercont5.2	1973892	1973963
URS0000109B4A_402676	Schizosaccharomyces japonicus yFS275 tRNA SJAG_16167	tRNA SJAG_16167	phenylalanyl_tRNA	GCA_000149845.2	supercont5.2	1979418	1979489
URS00000E93C9_402676	Schizosaccharomyces japonicus yFS275 tRNA SJAG_16183	tRNA SJAG_16183	valyl_tRNA	GCA_000149845.2	supercont5.2	2617190	2617276
URS00000D3135_402676	Schizosaccharomyces japonicus yFS275 tRNA SJAG_16031	tRNA SJAG_16031	prolyl_tRNA	GCA_000149845.2	supercont5.4	105290	105361
URS00000D3135_402676	Schizosaccharomyces japonicus yFS275 tRNA SJAG_16031	tRNA SJAG_16031	prolyl_tRNA	GCA_000149845.2	supercont5.1	1783686	1783757
URS00000D3135_402676	Schizosaccharomyces japonicus yFS275 tRNA SJAG_16031	tRNA SJAG_16031	prolyl_tRNA	GCA_000149845.2	supercont5.10	10751	10822
URS00000D3135_402676	Schizosaccharomyces japonicus yFS275 tRNA SJAG_16031	tRNA SJAG_16031	prolyl_tRNA	GCA_000149845.2	supercont5.6	65746	65817
URS00000D3135_402676	Schizosaccharomyces japonicus yFS275 tRNA SJAG_16031	tRNA SJAG_16031	prolyl_tRNA	GCA_000149845.2	supercont5.4	123868	123939
URS00000D3135_402676	Schizosaccharomyces japonicus yFS275 tRNA SJAG_16031	tRNA SJAG_16031	prolyl_tRNA	GCA_000149845.2	supercont5.4	139031	139102
URS00000D3135_402676	Schizosaccharomyces japonicus yFS275 tRNA SJAG_16031	tRNA SJAG_16031	prolyl_tRNA	GCA_000149845.2	supercont5.4	343	414
URS00000D3135_402676	Schizosaccharomyces japonicus yFS275 tRNA SJAG_16031	tRNA SJAG_16031	prolyl_tRNA	GCA_000149845.2	supercont5.4	155875	155946
URS00000232ED_402676	Schizosaccharomyces japonicus yFS275 tRNA SJAG_16108	tRNA SJAG_16108	leucyl_tRNA	GCA_000149845.2	supercont5.2	1300390	1300493
URS00000232ED_402676	Schizosaccharomyces japonicus yFS275 tRNA SJAG_16108	tRNA SJAG_16108	leucyl_tRNA	GCA_000149845.2	supercont5.2	1312165	1312268
URS00000232ED_402676	Schizosaccharomyces japonicus yFS275 tRNA SJAG_16108	tRNA SJAG_16108	leucyl_tRNA	GCA_000149845.2	supercont5.2	1351511	1351614
URS00000232ED_402676	Schizosaccharomyces japonicus yFS275 tRNA SJAG_16108	tRNA SJAG_16108	leucyl_tRNA	GCA_000149845.2	supercont5.2	1299033	1299136
URS000000A48B_402676	Schizosaccharomyces japonicus yFS275 tRNA SJAG_16074	tRNA SJAG_16074	leucyl_tRNA	GCA_000149845.2	supercont5.1	3462341	3462443
URS00000080E6_402676	Schizosaccharomyces japonicus yFS275 tRNA SJAG_16023	tRNA SJAG_16023	threonyl_tRNA	GCA_000149845.2	supercont5.1	1080105	1080182
URS00000080E6_402676	Schizosaccharomyces japonicus yFS275 tRNA SJAG_16023	tRNA SJAG_16023	threonyl_tRNA	GCA_000149845.2	supercont5.1	1066905	1066982
URS00001D3B0E_402676	Schizosaccharomyces japonicus yFS275 tRNA SJAG_16328	tRNA SJAG_16328	leucyl_tRNA	GCA_000149845.2	supercont5.4	113289	113382
URS00001D3B0E_402676	Schizosaccharomyces japonicus yFS275 tRNA SJAG_16328	tRNA SJAG_16328	leucyl_tRNA	GCA_000149845.2	supercont5.4	121405	121498
URS00003B1225_402676	Schizosaccharomyces japonicus yFS275 tRNA SJAG_16166	tRNA SJAG_16166	tyrosyl_tRNA	GCA_000149845.2	supercont5.2	2389343	2389428
URS0000335EC2_402676	Schizosaccharomyces japonicus yFS275 tRNA SJAG_16448	tRNA SJAG_16448	isoleucyl_tRNA	GCA_000149845.2	supercont5.4	158900	158998
URS0000335EC2_402676	Schizosaccharomyces japonicus yFS275 tRNA SJAG_16448	tRNA SJAG_16448	isoleucyl_tRNA	GCA_000149845.2	supercont5.4	166688	166786
URS0000335EC2_402676	Schizosaccharomyces japonicus yFS275 tRNA SJAG_16448	tRNA SJAG_16448	isoleucyl_tRNA	GCA_000149845.2	supercont5.4	127250	127348
URS0000335EC2_402676	Schizosaccharomyces japonicus yFS275 tRNA SJAG_16448	tRNA SJAG_16448	isoleucyl_tRNA	GCA_000149845.2	supercont5.27	918	1015
URS0000335EC2_402676	Schizosaccharomyces japonicus yFS275 tRNA SJAG_16448	tRNA SJAG_16448	isoleucyl_tRNA	GCA_000149845.2	supercont5.2	1038436	1038534
URS0000335EC2_402676	Schizosaccharomyces japonicus yFS275 tRNA SJAG_16448	tRNA SJAG_16448	isoleucyl_tRNA	GCA_000149845.2	supercont5.4	151095	151193
URS0000335EC2_402676	Schizosaccharomyces japonicus yFS275 tRNA SJAG_16448	tRNA SJAG_16448	isoleucyl_tRNA	GCA_000149845.2	supercont5.4	118866	118964
URS00000F29F8_402676	Schizosaccharomyces japonicus yFS275 tRNA SJAG_16039	tRNA SJAG_16039	seryl_tRNA	GCA_000149845.2	supercont5.1	1837845	1837944
URS00000F29F8_402676	Schizosaccharomyces japonicus yFS275 tRNA SJAG_16039	tRNA SJAG_16039	seryl_tRNA	GCA_000149845.2	supercont5.1	1806617	1806716
URS00000F29F8_402676	Schizosaccharomyces japonicus yFS275 tRNA SJAG_16039	tRNA SJAG_16039	seryl_tRNA	GCA_000149845.2	supercont5.1	1790462	1790561
URS00000F29F8_402676	Schizosaccharomyces japonicus yFS275 tRNA SJAG_16039	tRNA SJAG_16039	seryl_tRNA	GCA_000149845.2	supercont5.1	1847053	1847152
URS00000F29F8_402676	Schizosaccharomyces japonicus yFS275 tRNA SJAG_16039	tRNA SJAG_16039	seryl_tRNA	GCA_000149845.2	supercont5.4	80212	80311
URS00000F29F8_402676	Schizosaccharomyces japonicus yFS275 tRNA SJAG_16039	tRNA SJAG_16039	seryl_tRNA	GCA_000149845.2	supercont5.1	1828919	1829018
URS00000518C6_402676	Schizosaccharomyces japonicus yFS275 tRNA SJAG_16019	tRNA SJAG_16019	methionyl_tRNA	GCA_000149845.2	supercont5.1	1837749	1837839
URS00000518C6_402676	Schizosaccharomyces japonicus yFS275 tRNA SJAG_16019	tRNA SJAG_16019	methionyl_tRNA	GCA_000149845.2	supercont5.1	1847158	1847248
URS00000518C6_402676	Schizosaccharomyces japonicus yFS275 tRNA SJAG_16019	tRNA SJAG_16019	methionyl_tRNA	GCA_000149845.2	supercont5.10	15131	15221
URS00000518C6_402676	Schizosaccharomyces japonicus yFS275 tRNA SJAG_16019	tRNA SJAG_16019	methionyl_tRNA	GCA_000149845.2	supercont5.1	1790366	1790456
URS00000518C6_402676	Schizosaccharomyces japonicus yFS275 tRNA SJAG_16019	tRNA SJAG_16019	methionyl_tRNA	GCA_000149845.2	supercont5.1	1806521	1806611
URS00000518C6_402676	Schizosaccharomyces japonicus yFS275 tRNA SJAG_16019	tRNA SJAG_16019	methionyl_tRNA	GCA_000149845.2	supercont5.1	1814802	1814892
URS00000518C6_402676	Schizosaccharomyces japonicus yFS275 tRNA SJAG_16019	tRNA SJAG_16019	methionyl_tRNA	GCA_000149845.2	supercont5.1	1842130	1842220
URS00000518C6_402676	Schizosaccharomyces japonicus yFS275 tRNA SJAG_16019	tRNA SJAG_16019	methionyl_tRNA	GCA_000149845.2	supercont5.1	1829024	1829114
URS00000518C6_402676	Schizosaccharomyces japonicus yFS275 tRNA SJAG_16019	tRNA SJAG_16019	methionyl_tRNA	GCA_000149845.2	supercont5.12	4803	4893
URS00000518C6_402676	Schizosaccharomyces japonicus yFS275 tRNA SJAG_16019	tRNA SJAG_16019	methionyl_tRNA	GCA_000149845.2	supercont5.12	1145	1235
URS00000518C6_402676	Schizosaccharomyces japonicus yFS275 tRNA SJAG_16019	tRNA SJAG_16019	methionyl_tRNA	GCA_000149845.2	supercont5.12	8510	8600
URS00000518C6_402676	Schizosaccharomyces japonicus yFS275 tRNA SJAG_16019	tRNA SJAG_16019	methionyl_tRNA	GCA_000149845.2	supercont5.1	1824627	1824717
URS00000518C6_402676	Schizosaccharomyces japonicus yFS275 tRNA SJAG_16019	tRNA SJAG_16019	methionyl_tRNA	GCA_000149845.2	supercont5.28	2014	2104
URS00000518C6_402676	Schizosaccharomyces japonicus yFS275 tRNA SJAG_16019	tRNA SJAG_16019	methionyl_tRNA	GCA_000149845.2	supercont5.3	435750	435821
URS00000518C6_402676	Schizosaccharomyces japonicus yFS275 tRNA SJAG_16019	tRNA SJAG_16019	methionyl_tRNA	GCA_000149845.2	supercont5.2	972124	972195
URS00000518C6_402676	Schizosaccharomyces japonicus yFS275 tRNA SJAG_16019	tRNA SJAG_16019	methionyl_tRNA	GCA_000149845.2	supercont5.2	728957	729028
URS00000518C6_402676	Schizosaccharomyces japonicus yFS275 tRNA SJAG_16019	tRNA SJAG_16019	methionyl_tRNA	GCA_000149845.2	supercont5.2	1049217	1049288
URS00000518C6_402676	Schizosaccharomyces japonicus yFS275 tRNA SJAG_16019	tRNA SJAG_16019	methionyl_tRNA	GCA_000149845.2	supercont5.1	789602	789673
URS00000518C6_402676	Schizosaccharomyces japonicus yFS275 tRNA SJAG_16019	tRNA SJAG_16019	methionyl_tRNA	GCA_000149845.2	supercont5.1	531702	531773
URS00000518C6_402676	Schizosaccharomyces japonicus yFS275 tRNA SJAG_16019	tRNA SJAG_16019	methionyl_tRNA	GCA_000149845.2	supercont5.1	3772376	3772447
URS00000518C6_402676	Schizosaccharomyces japonicus yFS275 tRNA SJAG_16019	tRNA SJAG_16019	methionyl_tRNA	GCA_000149845.2	supercont5.1	3547198	3547269
URS00000518C6_402676	Schizosaccharomyces japonicus yFS275 tRNA SJAG_16019	tRNA SJAG_16019	methionyl_tRNA	GCA_000149845.2	supercont5.1	3461592	3461663
URS00000518C6_402676	Schizosaccharomyces japonicus yFS275 tRNA SJAG_16019	tRNA SJAG_16019	methionyl_tRNA	GCA_000149845.2	supercont5.1	1708039	1708110
URS00000518C6_402676	Schizosaccharomyces japonicus yFS275 tRNA SJAG_16019	tRNA SJAG_16019	methionyl_tRNA	GCA_000149845.2	supercont5.1	1080946	1081017
URS00005A3B17_402676	Schizosaccharomyces japonicus yFS275 tRNA SJAG_16018	tRNA SJAG_16018	arginyl_tRNA	GCA_000149845.2	supercont5.1	571959	572058
URS00005C8488_402676	Schizosaccharomyces japonicus yFS275 tRNA SJAG_16384	tRNA SJAG_16384	prolyl_tRNA	GCA_000149845.2	supercont5.4	342	414
URS00005C8488_402676	Schizosaccharomyces japonicus yFS275 tRNA SJAG_16384	tRNA SJAG_16384	prolyl_tRNA	GCA_000149845.2	supercont5.4	105289	105361
URS00005C8488_402676	Schizosaccharomyces japonicus yFS275 tRNA SJAG_16384	tRNA SJAG_16384	prolyl_tRNA	GCA_000149845.2	supercont5.4	123867	123939
URS00005C8488_402676	Schizosaccharomyces japonicus yFS275 tRNA SJAG_16384	tRNA SJAG_16384	prolyl_tRNA	GCA_000149845.2	supercont5.4	155874	155946
URS00005C8488_402676	Schizosaccharomyces japonicus yFS275 tRNA SJAG_16384	tRNA SJAG_16384	prolyl_tRNA	GCA_000149845.2	supercont5.1	1783685	1783757
URS00005C8488_402676	Schizosaccharomyces japonicus yFS275 tRNA SJAG_16384	tRNA SJAG_16384	prolyl_tRNA	GCA_000149845.2	supercont5.10	10751	10823
URS00005C8488_402676	Schizosaccharomyces japonicus yFS275 tRNA SJAG_16384	tRNA SJAG_16384	prolyl_tRNA	GCA_000149845.2	supercont5.4	163683	163754
URS00005C8488_402676	Schizosaccharomyces japonicus yFS275 tRNA SJAG_16384	tRNA SJAG_16384	prolyl_tRNA	GCA_000149845.2	supercont5.4	139030	139102
URS000015DBD4_402676	Schizosaccharomyces japonicus yFS275 tRNA SJAG_16279	tRNA SJAG_16279	leucyl_tRNA	GCA_000149845.2	supercont5.3	461969	462075
URS000019D072_402676	Schizosaccharomyces japonicus yFS275 tRNA SJAG_16084	tRNA SJAG_16084	prolyl_tRNA	GCA_000149845.2	supercont5.6	38291	38362
URS000019D072_402676	Schizosaccharomyces japonicus yFS275 tRNA SJAG_16084	tRNA SJAG_16084	prolyl_tRNA	GCA_000149845.2	supercont5.4	153681	153752
URS000019D072_402676	Schizosaccharomyces japonicus yFS275 tRNA SJAG_16084	tRNA SJAG_16084	prolyl_tRNA	GCA_000149845.2	supercont5.4	156657	156728
URS000019D072_402676	Schizosaccharomyces japonicus yFS275 tRNA SJAG_16084	tRNA SJAG_16084	prolyl_tRNA	GCA_000149845.2	supercont5.4	145479	145550
URS000019D072_402676	Schizosaccharomyces japonicus yFS275 tRNA SJAG_16084	tRNA SJAG_16084	prolyl_tRNA	GCA_000149845.2	supercont5.10	7841	7912
URS000019D072_402676	Schizosaccharomyces japonicus yFS275 tRNA SJAG_16084	tRNA SJAG_16084	prolyl_tRNA	GCA_000149845.2	supercont5.4	161471	161542
URS000019D072_402676	Schizosaccharomyces japonicus yFS275 tRNA SJAG_16084	tRNA SJAG_16084	prolyl_tRNA	GCA_000149845.2	supercont5.4	164478	164549
URS000019D072_402676	Schizosaccharomyces japonicus yFS275 tRNA SJAG_16084	tRNA SJAG_16084	prolyl_tRNA	GCA_000149845.2	supercont5.4	125003	125074
URS000019D072_402676	Schizosaccharomyces japonicus yFS275 tRNA SJAG_16084	tRNA SJAG_16084	prolyl_tRNA	GCA_000149845.2	supercont5.6	1610	1681
URS000019D072_402676	Schizosaccharomyces japonicus yFS275 tRNA SJAG_16084	tRNA SJAG_16084	prolyl_tRNA	GCA_000149845.2	supercont5.4	121656	121727
URS000019D072_402676	Schizosaccharomyces japonicus yFS275 tRNA SJAG_16084	tRNA SJAG_16084	prolyl_tRNA	GCA_000149845.2	supercont5.6	4676	4747
URS000019D072_402676	Schizosaccharomyces japonicus yFS275 tRNA SJAG_16084	tRNA SJAG_16084	prolyl_tRNA	GCA_000149845.2	supercont5.4	106066	106137
URS000019D072_402676	Schizosaccharomyces japonicus yFS275 tRNA SJAG_16084	tRNA SJAG_16084	prolyl_tRNA	GCA_000149845.2	supercont5.1	4290016	4290087
URS000019D072_402676	Schizosaccharomyces japonicus yFS275 tRNA SJAG_16084	tRNA SJAG_16084	prolyl_tRNA	GCA_000149845.2	supercont5.4	113539	113610
URS00000A6978_402676	Schizosaccharomyces japonicus yFS275 tRNA SJAG_16353	tRNA SJAG_16353	histidyl_tRNA	GCA_000149845.2	supercont5.4	145280	145351
URS00002D0219_402676	Schizosaccharomyces japonicus yFS275 tRNA SJAG_16094	tRNA SJAG_16094	leucyl_tRNA	GCA_000149845.2	supercont5.2	966719	966822
URS00005D4471_402676	Schizosaccharomyces japonicus yFS275 tRNA SJAG_16382	tRNA SJAG_16382	tryptophanyl_tRNA	GCA_000149845.2	supercont5.4	138393	138487
URS00005D4471_402676	Schizosaccharomyces japonicus yFS275 tRNA SJAG_16382	tRNA SJAG_16382	tryptophanyl_tRNA	GCA_000149845.2	supercont5.4	123235	123329
URS00005D4471_402676	Schizosaccharomyces japonicus yFS275 tRNA SJAG_16382	tRNA SJAG_16382	tryptophanyl_tRNA	GCA_000149845.2	supercont5.4	163056	163149
URS00005D4471_402676	Schizosaccharomyces japonicus yFS275 tRNA SJAG_16382	tRNA SJAG_16382	tryptophanyl_tRNA	GCA_000149845.2	supercont5.4	155242	155336
URS00005D4471_402676	Schizosaccharomyces japonicus yFS275 tRNA SJAG_16382	tRNA SJAG_16382	tryptophanyl_tRNA	GCA_000149845.2	supercont5.4	115034	115128
URS00005D4471_402676	Schizosaccharomyces japonicus yFS275 tRNA SJAG_16382	tRNA SJAG_16382	tryptophanyl_tRNA	GCA_000149845.2	supercont5.6	36898	36992
URS00002E7A33_402676	Schizosaccharomyces japonicus yFS275 tRNA SJAG_16049	tRNA SJAG_16049	prolyl_tRNA	GCA_000149845.2	supercont5.1	1811735	1811806
URS00002E7A33_402676	Schizosaccharomyces japonicus yFS275 tRNA SJAG_16049	tRNA SJAG_16049	prolyl_tRNA	GCA_000149845.2	supercont5.2	3151140	3151211
URS00002E7A33_402676	Schizosaccharomyces japonicus yFS275 tRNA SJAG_16049	tRNA SJAG_16049	prolyl_tRNA	GCA_000149845.2	supercont5.1	1816224	1816294
URS00000DF21F_402676	Schizosaccharomyces japonicus yFS275 tRNA SJAG_16089	tRNA SJAG_16089	seryl_tRNA	GCA_000149845.2	supercont5.2	729034	729126
URS00000DF21F_402676	Schizosaccharomyces japonicus yFS275 tRNA SJAG_16089	tRNA SJAG_16089	seryl_tRNA	GCA_000149845.2	supercont5.2	3453304	3453396
URS00000DF21F_402676	Schizosaccharomyces japonicus yFS275 tRNA SJAG_16089	tRNA SJAG_16089	seryl_tRNA	GCA_000149845.2	supercont5.2	3449403	3449495
URS00000DF21F_402676	Schizosaccharomyces japonicus yFS275 tRNA SJAG_16089	tRNA SJAG_16089	seryl_tRNA	GCA_000149845.2	supercont5.1	789679	789771
URS00000DF21F_402676	Schizosaccharomyces japonicus yFS275 tRNA SJAG_16089	tRNA SJAG_16089	seryl_tRNA	GCA_000149845.2	supercont5.1	3461669	3461761
URS00005E1581_402676	Schizosaccharomyces japonicus yFS275 tRNA SJAG_16082	tRNA SJAG_16082	alanyl_tRNA	GCA_000149845.2	supercont5.1	4112435	4112516
URS000013C8E9_402676	Schizosaccharomyces japonicus yFS275 tRNA SJAG_16392	tRNA SJAG_16392	leucyl_tRNA	GCA_000149845.2	supercont5.4	153434	153526
URS000013C8E9_402676	Schizosaccharomyces japonicus yFS275 tRNA SJAG_16392	tRNA SJAG_16392	leucyl_tRNA	GCA_000149845.2	supercont5.6	1360	1452
URS000013C8E9_402676	Schizosaccharomyces japonicus yFS275 tRNA SJAG_16392	tRNA SJAG_16392	leucyl_tRNA	GCA_000149845.2	supercont5.4	121405	121498
URS000013C8E9_402676	Schizosaccharomyces japonicus yFS275 tRNA SJAG_16392	tRNA SJAG_16392	leucyl_tRNA	GCA_000149845.2	supercont5.4	113289	113382
URS000050B92D_402676	Schizosaccharomyces japonicus yFS275 tRNA SJAG_16295	tRNA SJAG_16295	seryl_tRNA	GCA_000149845.2	supercont5.3	1580753	1580845
URS000050B92D_402676	Schizosaccharomyces japonicus yFS275 tRNA SJAG_16295	tRNA SJAG_16295	seryl_tRNA	GCA_000149845.2	supercont5.3	2617700	2617792
URS0000488670_402676	Schizosaccharomyces japonicus yFS275 tRNA SJAG_16445	tRNA SJAG_16445	leucyl_tRNA	GCA_000149845.2	supercont5.16	6578	6686
URS00002EC2AF_402676	Schizosaccharomyces japonicus yFS275 tRNA SJAG_16277	tRNA SJAG_16277	tRNA	GCA_000149845.2	supercont5.3	460798	460878
URS00005BF0F2_402676	Schizosaccharomyces japonicus yFS275 tRNA SJAG_16348	tRNA SJAG_16348	arginyl_tRNA	GCA_000149845.2	supercont5.4	157911	158012
URS00005BF0F2_402676	Schizosaccharomyces japonicus yFS275 tRNA SJAG_16348	tRNA SJAG_16348	arginyl_tRNA	GCA_000149845.2	supercont5.4	126259	126360
URS00005BF0F2_402676	Schizosaccharomyces japonicus yFS275 tRNA SJAG_16348	tRNA SJAG_16348	arginyl_tRNA	GCA_000149845.2	supercont5.4	117870	117971
URS00005BF0F2_402676	Schizosaccharomyces japonicus yFS275 tRNA SJAG_16348	tRNA SJAG_16348	arginyl_tRNA	GCA_000149845.2	supercont5.4	150105	150206
URS0000056410_402676	Schizosaccharomyces japonicus yFS275 tRNA SJAG_16285	tRNA SJAG_16285	seryl_tRNA	GCA_000149845.2	supercont5.3	1415526	1415618
URS00001E553E_402676	Schizosaccharomyces japonicus yFS275 tRNA SJAG_16136	tRNA SJAG_16136	tRNA	GCA_000149845.2	supercont5.2	1980629	1980722
URS00000A2786_402676	Schizosaccharomyces japonicus yFS275 tRNA SJAG_16378	tRNA SJAG_16378	leucyl_tRNA	GCA_000149845.2	supercont5.4	121405	121498
URS00000A2786_402676	Schizosaccharomyces japonicus yFS275 tRNA SJAG_16378	tRNA SJAG_16378	leucyl_tRNA	GCA_000149845.2	supercont5.4	113289	113382
URS00000A2786_402676	Schizosaccharomyces japonicus yFS275 tRNA SJAG_16378	tRNA SJAG_16378	leucyl_tRNA	GCA_000149845.2	supercont5.4	161223	161315
URS0000C7863C_402676	Schizosaccharomyces japonicus yFS275 tRNA	tRNA	tRNA	GCA_000149845.2	supercont5.2	1980084	1980145
URS0000C6F689_402676	Schizosaccharomyces japonicus yFS275 tRNA	tRNA	prolyl_tRNA	GCA_000149845.2	supercont5.6	1610	1681
URS0000C6F689_402676	Schizosaccharomyces japonicus yFS275 tRNA	tRNA	prolyl_tRNA	GCA_000149845.2	supercont5.4	156657	156728
URS0000C6F689_402676	Schizosaccharomyces japonicus yFS275 tRNA	tRNA	prolyl_tRNA	GCA_000149845.2	supercont5.4	153681	153752
URS0000C6F689_402676	Schizosaccharomyces japonicus yFS275 tRNA	tRNA	prolyl_tRNA	GCA_000149845.2	supercont5.4	145479	145550
URS0000C6F689_402676	Schizosaccharomyces japonicus yFS275 tRNA	tRNA	prolyl_tRNA	GCA_000149845.2	supercont5.4	125003	125074
URS0000C6F689_402676	Schizosaccharomyces japonicus yFS275 tRNA	tRNA	prolyl_tRNA	GCA_000149845.2	supercont5.4	121656	121727
URS0000C6F689_402676	Schizosaccharomyces japonicus yFS275 tRNA	tRNA	prolyl_tRNA	GCA_000149845.2	supercont5.4	113539	113610
URS0000C6F689_402676	Schizosaccharomyces japonicus yFS275 tRNA	tRNA	prolyl_tRNA	GCA_000149845.2	supercont5.4	106066	106137
URS0000C6F689_402676	Schizosaccharomyces japonicus yFS275 tRNA	tRNA	prolyl_tRNA	GCA_000149845.2	supercont5.1	4290016	4290087
URS0000C6F689_402676	Schizosaccharomyces japonicus yFS275 tRNA	tRNA	prolyl_tRNA	GCA_000149845.2	supercont5.10	7841	7912
URS0000C6F689_402676	Schizosaccharomyces japonicus yFS275 tRNA	tRNA	prolyl_tRNA	GCA_000149845.2	supercont5.10	13272	13342
URS0000C6F689_402676	Schizosaccharomyces japonicus yFS275 tRNA	tRNA	prolyl_tRNA	GCA_000149845.2	supercont5.6	4676	4747
URS0000C6F689_402676	Schizosaccharomyces japonicus yFS275 tRNA	tRNA	prolyl_tRNA	GCA_000149845.2	supercont5.6	38291	38362
URS0000C6F689_402676	Schizosaccharomyces japonicus yFS275 tRNA	tRNA	prolyl_tRNA	GCA_000149845.2	supercont5.4	164478	164549
URS0000C6F689_402676	Schizosaccharomyces japonicus yFS275 tRNA	tRNA	prolyl_tRNA	GCA_000149845.2	supercont5.4	161471	161542
URS0000C6A9AB_402676	Schizosaccharomyces japonicus yFS275 tRNA	tRNA	tRNA	GCA_000149845.2	supercont5.2	1974423	1974506
URS0000C6A9AB_402676	Schizosaccharomyces japonicus yFS275 tRNA	tRNA	tRNA	GCA_000149845.2	supercont5.2	2379190	2379272
URS0000C6A9AB_402676	Schizosaccharomyces japonicus yFS275 tRNA	tRNA	tRNA	GCA_000149845.2	supercont5.2	2390672	2390752
URS0000C6A441_402676	Schizosaccharomyces japonicus yFS275 tRNA	tRNA	tRNA	GCA_000149845.2	supercont5.1	1797785	1797840
URS0000C64CA0_402676	Schizosaccharomyces japonicus yFS275 tRNA	tRNA	prolyl_tRNA	GCA_000149845.2	supercont5.4	343	414
URS0000C64CA0_402676	Schizosaccharomyces japonicus yFS275 tRNA	tRNA	prolyl_tRNA	GCA_000149845.2	supercont5.4	163684	163754
URS0000C64CA0_402676	Schizosaccharomyces japonicus yFS275 tRNA	tRNA	prolyl_tRNA	GCA_000149845.2	supercont5.4	155875	155946
URS0000C64CA0_402676	Schizosaccharomyces japonicus yFS275 tRNA	tRNA	prolyl_tRNA	GCA_000149845.2	supercont5.4	139031	139102
URS0000C64CA0_402676	Schizosaccharomyces japonicus yFS275 tRNA	tRNA	prolyl_tRNA	GCA_000149845.2	supercont5.4	123868	123939
URS0000C64CA0_402676	Schizosaccharomyces japonicus yFS275 tRNA	tRNA	prolyl_tRNA	GCA_000149845.2	supercont5.10	10751	10822
URS0000C64CA0_402676	Schizosaccharomyces japonicus yFS275 tRNA	tRNA	prolyl_tRNA	GCA_000149845.2	supercont5.4	105290	105361
URS0000C64CA0_402676	Schizosaccharomyces japonicus yFS275 tRNA	tRNA	prolyl_tRNA	GCA_000149845.2	supercont5.1	1783686	1783757
URS0000C64CA0_402676	Schizosaccharomyces japonicus yFS275 tRNA	tRNA	prolyl_tRNA	GCA_000149845.2	supercont5.6	65746	65817
URS0000C62E20_402676	Schizosaccharomyces japonicus yFS275 tRNA	tRNA	tRNA	GCA_000149845.2	supercont5.4	117870	117972
URS0000C62E20_402676	Schizosaccharomyces japonicus yFS275 tRNA	tRNA	tRNA	GCA_000149845.2	supercont5.4	165731	165831
URS0000C62E20_402676	Schizosaccharomyces japonicus yFS275 tRNA	tRNA	tRNA	GCA_000149845.2	supercont5.4	157911	158013
URS0000C62E20_402676	Schizosaccharomyces japonicus yFS275 tRNA	tRNA	tRNA	GCA_000149845.2	supercont5.4	150105	150207
URS0000C62E20_402676	Schizosaccharomyces japonicus yFS275 tRNA	tRNA	tRNA	GCA_000149845.2	supercont5.4	126259	126361
URS0000C49603_402676	Schizosaccharomyces japonicus yFS275 tRNA	tRNA	tRNA	GCA_000149845.2	supercont5.2	1982876	1982950
URS0000C41F4D_402676	Schizosaccharomyces japonicus yFS275 tRNA	tRNA	threonyl_tRNA	GCA_000149845.2	supercont5.4	1	67
URS0000C1D18C_402676	Schizosaccharomyces japonicus yFS275 tRNA	tRNA	asparaginyl_tRNA	GCA_000149845.2	supercont5.2	1982101	1982174
URS0000C1A329_402676	Schizosaccharomyces japonicus yFS275 tRNA	tRNA	aspartyl_tRNA	GCA_000149845.2	supercont5.2	1982742	1982810
URS0000C12693_402676	Schizosaccharomyces japonicus yFS275 tRNA	tRNA	lysyl_tRNA	GCA_000149845.2	supercont5.2	2379190	2379272
URS0000C12693_402676	Schizosaccharomyces japonicus yFS275 tRNA	tRNA	lysyl_tRNA	GCA_000149845.2	supercont5.2	1974423	1974506
URS00005C2B29_402676	Schizosaccharomyces japonicus yFS275 tRNA-Undet for anticodon ???	tRNA-Undet for anticodon ???	tRNA	GCA_000149845.2	supercont5.16	6341	6413
URS00005AAF05_402676	Schizosaccharomyces japonicus yFS275 tRNA SJAG_16303	tRNA SJAG_16303	arginyl_tRNA	GCA_000149845.2	supercont5.3	1859016	1859118
URS00005AA3D9_402676	Schizosaccharomyces japonicus yFS275 tRNA SJAG_16047	tRNA SJAG_16047	alanyl_tRNA	GCA_000149845.2	supercont5.1	1815240	1815317
URS00005A13D1_402676	Schizosaccharomyces japonicus yFS275 tRNA-Undet for anticodon ???	tRNA-Undet for anticodon ???	tRNA	GCA_000149845.2	supercont5.2	1973756	1973824
URS00005998EE_402676	Schizosaccharomyces japonicus yFS275 tRNA SJAG_16349	tRNA SJAG_16349	isoleucyl_tRNA	GCA_000149845.2	supercont5.2	1038436	1038534
URS00005998EE_402676	Schizosaccharomyces japonicus yFS275 tRNA SJAG_16349	tRNA SJAG_16349	isoleucyl_tRNA	GCA_000149845.2	supercont5.4	118866	118964
URS00005998EE_402676	Schizosaccharomyces japonicus yFS275 tRNA SJAG_16349	tRNA SJAG_16349	isoleucyl_tRNA	GCA_000149845.2	supercont5.4	127250	127348
URS00005998EE_402676	Schizosaccharomyces japonicus yFS275 tRNA SJAG_16349	tRNA SJAG_16349	isoleucyl_tRNA	GCA_000149845.2	supercont5.4	151095	151193
URS00005998EE_402676	Schizosaccharomyces japonicus yFS275 tRNA SJAG_16349	tRNA SJAG_16349	isoleucyl_tRNA	GCA_000149845.2	supercont5.4	166688	166786
URS00005998EE_402676	Schizosaccharomyces japonicus yFS275 tRNA SJAG_16349	tRNA SJAG_16349	isoleucyl_tRNA	GCA_000149845.2	supercont5.4	158900	158998
URS000058D0EC_402676	Schizosaccharomyces japonicus yFS275 tRNA SJAG_16283	tRNA SJAG_16283	cysteinyl_tRNA	GCA_000149845.2	supercont5.3	1061023	1061094
URS000057B444_402676	Schizosaccharomyces japonicus yFS275 tRNA SJAG_16390	tRNA SJAG_16390	seryl_tRNA	GCA_000149845.2	supercont5.6	604	696
URS000057B444_402676	Schizosaccharomyces japonicus yFS275 tRNA SJAG_16390	tRNA SJAG_16390	seryl_tRNA	GCA_000149845.2	supercont5.4	120648	120740
URS000057B444_402676	Schizosaccharomyces japonicus yFS275 tRNA SJAG_16390	tRNA SJAG_16390	seryl_tRNA	GCA_000149845.2	supercont5.4	152653	152745
URS000057B444_402676	Schizosaccharomyces japonicus yFS275 tRNA SJAG_16390	tRNA SJAG_16390	seryl_tRNA	GCA_000149845.2	supercont5.4	112527	112620
URS000057B444_402676	Schizosaccharomyces japonicus yFS275 tRNA SJAG_16390	tRNA SJAG_16390	seryl_tRNA	GCA_000149845.2	supercont5.10	14274	14367
URS0000559BB1_402676	Schizosaccharomyces japonicus yFS275 tRNA SJAG_16425	tRNA SJAG_16425	prolyl_tRNA	GCA_000149845.2	supercont5.10	13272	13343
URS0000559BB1_402676	Schizosaccharomyces japonicus yFS275 tRNA SJAG_16425	tRNA SJAG_16425	prolyl_tRNA	GCA_000149845.2	supercont5.6	1609	1681
URS0000559BB1_402676	Schizosaccharomyces japonicus yFS275 tRNA SJAG_16425	tRNA SJAG_16425	prolyl_tRNA	GCA_000149845.2	supercont5.4	121655	121727
URS0000559BB1_402676	Schizosaccharomyces japonicus yFS275 tRNA SJAG_16425	tRNA SJAG_16425	prolyl_tRNA	GCA_000149845.2	supercont5.10	7841	7913
URS0000559BB1_402676	Schizosaccharomyces japonicus yFS275 tRNA SJAG_16425	tRNA SJAG_16425	prolyl_tRNA	GCA_000149845.2	supercont5.4	153680	153752
URS0000559BB1_402676	Schizosaccharomyces japonicus yFS275 tRNA SJAG_16425	tRNA SJAG_16425	prolyl_tRNA	GCA_000149845.2	supercont5.4	145478	145550
URS0000559BB1_402676	Schizosaccharomyces japonicus yFS275 tRNA SJAG_16425	tRNA SJAG_16425	prolyl_tRNA	GCA_000149845.2	supercont5.4	161470	161542
URS0000559BB1_402676	Schizosaccharomyces japonicus yFS275 tRNA SJAG_16425	tRNA SJAG_16425	prolyl_tRNA	GCA_000149845.2	supercont5.4	113538	113610
URS000053A4A6_402676	Schizosaccharomyces japonicus yFS275 tRNA SJAG_16150	tRNA SJAG_16150	tryptophanyl_tRNA	GCA_000149845.2	supercont5.2	2159127	2159236
URS0000539A53_402676	Schizosaccharomyces japonicus yFS275 tRNA SJAG_16036	tRNA SJAG_16036	prolyl_tRNA	GCA_000149845.2	supercont5.1	1798081	1798196
URS0000527FA7_402676	Schizosaccharomyces japonicus yFS275 tRNA SJAG_16190	tRNA SJAG_16190	leucyl_tRNA	GCA_000149845.2	supercont5.2	2671547	2671650
URS0000527FA7_402676	Schizosaccharomyces japonicus yFS275 tRNA SJAG_16190	tRNA SJAG_16190	leucyl_tRNA	GCA_000149845.2	supercont5.2	2669979	2670082
URS00004F830B_402676	Schizosaccharomyces japonicus yFS275 tRNA SJAG_16118	tRNA SJAG_16118	isoleucyl_tRNA	GCA_000149845.2	supercont5.2	1974905	1974990
URS00004F54E9_402676	Schizosaccharomyces japonicus yFS275 tRNA SJAG_16342	tRNA SJAG_16342	tryptophanyl_tRNA	GCA_000149845.2	supercont5.6	36898	36992
URS00004F54E9_402676	Schizosaccharomyces japonicus yFS275 tRNA SJAG_16342	tRNA SJAG_16342	tryptophanyl_tRNA	GCA_000149845.2	supercont5.4	138393	138487
URS00004F54E9_402676	Schizosaccharomyces japonicus yFS275 tRNA SJAG_16342	tRNA SJAG_16342	tryptophanyl_tRNA	GCA_000149845.2	supercont5.4	123235	123329
URS00004F54E9_402676	Schizosaccharomyces japonicus yFS275 tRNA SJAG_16342	tRNA SJAG_16342	tryptophanyl_tRNA	GCA_000149845.2	supercont5.4	115034	115128
URS00004F54E9_402676	Schizosaccharomyces japonicus yFS275 tRNA SJAG_16342	tRNA SJAG_16342	tryptophanyl_tRNA	GCA_000149845.2	supercont5.4	155242	155336
URS00004E89AA_402676	Schizosaccharomyces japonicus yFS275 tRNA SJAG_16164	tRNA SJAG_16164	aspartyl_tRNA	GCA_000149845.2	supercont5.2	2387272	2387340
URS00004E1287_402676	Schizosaccharomyces japonicus yFS275 tRNA SJAG_16294	tRNA SJAG_16294	leucyl_tRNA	GCA_000149845.2	supercont5.3	1579412	1579514
URS000046BB0E_402676	Schizosaccharomyces japonicus yFS275 tRNA SJAG_16274	tRNA SJAG_16274	leucyl_tRNA	GCA_000149845.2	supercont5.3	435126	435232
URS0000468C67_402676	Schizosaccharomyces japonicus yFS275 tRNA SJAG_16112	tRNA SJAG_16112	tRNA	GCA_000149845.2	supercont5.2	1978658	1978746
URS0000468C67_402676	Schizosaccharomyces japonicus yFS275 tRNA SJAG_16112	tRNA SJAG_16112	tRNA	GCA_000149845.2	supercont5.2	1973138	1973224
URS000046049C_402676	Schizosaccharomyces japonicus yFS275 tRNA SJAG_16042	tRNA SJAG_16042	alanyl_tRNA	GCA_000149845.2	supercont5.1	1810750	1810828
URS000045BCCB_402676	Schizosaccharomyces japonicus yFS275 tRNA SJAG_16417	tRNA SJAG_16417	leucyl_tRNA	GCA_000149845.2	supercont5.10	8067	8159
URS0000430F93_402676	Schizosaccharomyces japonicus yFS275 tRNA SJAG_16028	tRNA SJAG_16028	arginyl_tRNA	GCA_000149845.2	supercont5.1	1642158	1642252
URS00004143A4_402676	Schizosaccharomyces japonicus yFS275 tRNA SJAG_16100	tRNA SJAG_16100	glycyl_tRNA	GCA_000149845.2	supercont5.2	1037153	1037223
URS00004143A4_402676	Schizosaccharomyces japonicus yFS275 tRNA SJAG_16100	tRNA SJAG_16100	glycyl_tRNA	GCA_000149845.2	supercont5.2	1049807	1049877
URS00003FEBD5_402676	Schizosaccharomyces japonicus yFS275 tRNA SJAG_16093	tRNA SJAG_16093	glycyl_tRNA	GCA_000149845.2	supercont5.12	1761	1831
URS00003FEBD5_402676	Schizosaccharomyces japonicus yFS275 tRNA SJAG_16093	tRNA SJAG_16093	glycyl_tRNA	GCA_000149845.2	supercont5.12	9129	9199
URS00003FEBD5_402676	Schizosaccharomyces japonicus yFS275 tRNA SJAG_16093	tRNA SJAG_16093	glycyl_tRNA	GCA_000149845.2	supercont5.1	1843973	1844043
URS00003FEBD5_402676	Schizosaccharomyces japonicus yFS275 tRNA SJAG_16093	tRNA SJAG_16093	glycyl_tRNA	GCA_000149845.2	supercont5.1	1817818	1817888
URS00003FEBD5_402676	Schizosaccharomyces japonicus yFS275 tRNA SJAG_16093	tRNA SJAG_16093	glycyl_tRNA	GCA_000149845.2	supercont5.1	1813014	1813084
URS00003FEBD5_402676	Schizosaccharomyces japonicus yFS275 tRNA SJAG_16093	tRNA SJAG_16093	glycyl_tRNA	GCA_000149845.2	supercont5.1	1808202	1808272
URS00003FEBD5_402676	Schizosaccharomyces japonicus yFS275 tRNA SJAG_16093	tRNA SJAG_16093	glycyl_tRNA	GCA_000149845.2	supercont5.2	965462	965532
URS00003FB2CE_402676	Schizosaccharomyces japonicus yFS275 tRNA SJAG_16114	tRNA SJAG_16114	phenylalanyl_tRNA	GCA_000149845.2	supercont5.2	1973892	1973963
URS00003FB2CE_402676	Schizosaccharomyces japonicus yFS275 tRNA SJAG_16114	tRNA SJAG_16114	phenylalanyl_tRNA	GCA_000149845.2	supercont5.2	1979418	1979489
URS00003F6A65_402676	Schizosaccharomyces japonicus yFS275 tRNA SJAG_16278	tRNA SJAG_16278	arginyl_tRNA	GCA_000149845.2	supercont5.3	460951	461024
URS00003E3900_402676	Schizosaccharomyces japonicus yFS275 tRNA SJAG_16310	tRNA SJAG_16310	leucyl_tRNA	GCA_000149845.2	supercont5.3	2616372	2616474
URS00003E3900_402676	Schizosaccharomyces japonicus yFS275 tRNA SJAG_16310	tRNA SJAG_16310	leucyl_tRNA	GCA_000149845.2	supercont5.1	3229834	3229936
URS00003E04EB_402676	Schizosaccharomyces japonicus yFS275 tRNA SJAG_16058	tRNA SJAG_16058	threonyl_tRNA	GCA_000149845.2	supercont5.1	1832260	1832330
URS00003DCEF1_402676	Schizosaccharomyces japonicus yFS275 tRNA SJAG_16443	tRNA SJAG_16443	methionyl_tRNA	GCA_000149845.2	supercont5.16	6233	6318
URS00003CBC93_402676	Schizosaccharomyces japonicus yFS275 tRNA SJAG_16309	tRNA SJAG_16309	tRNA	GCA_000149845.2	supercont5.3	2117679	2117780
URS00003C32B8_402676	Schizosaccharomyces japonicus yFS275 tRNA SJAG_16057	tRNA SJAG_16057	prolyl_tRNA	GCA_000149845.2	supercont5.1	1798081	1798197
URS00003C32B8_402676	Schizosaccharomyces japonicus yFS275 tRNA SJAG_16057	tRNA SJAG_16057	prolyl_tRNA	GCA_000149845.2	supercont5.1	1834820	1834919
URS00003C32B8_402676	Schizosaccharomyces japonicus yFS275 tRNA SJAG_16057	tRNA SJAG_16057	prolyl_tRNA	GCA_000149845.2	supercont5.1	1831963	1832060
URS00003B1D50_402676	Schizosaccharomyces japonicus yFS275 tRNA SJAG_16282	tRNA SJAG_16282	arginyl_tRNA	GCA_000149845.2	supercont5.3	465052	465125
URS00003A6524_402676	Schizosaccharomyces japonicus yFS275 tRNA SJAG_16280	tRNA SJAG_16280	seryl_tRNA	GCA_000149845.2	supercont5.3	462514	462606
URS0000398CAF_402676	Schizosaccharomyces japonicus yFS275 tRNA SJAG_16154	tRNA SJAG_16154	isoleucyl_tRNA	GCA_000149845.2	supercont5.2	2384795	2384880
URS0000398CAF_402676	Schizosaccharomyces japonicus yFS275 tRNA SJAG_16154	tRNA SJAG_16154	isoleucyl_tRNA	GCA_000149845.2	supercont5.2	2391171	2391256
URS0000398CAF_402676	Schizosaccharomyces japonicus yFS275 tRNA SJAG_16154	tRNA SJAG_16154	isoleucyl_tRNA	GCA_000149845.2	supercont5.2	2379702	2379786
URS0000393FB7_402676	Schizosaccharomyces japonicus yFS275 tRNA SJAG_16096	tRNA SJAG_16096	isoleucyl_tRNA	GCA_000149845.2	supercont5.2	971258	971356
URS0000047D61_402676	Schizosaccharomyces japonicus yFS275 tRNA SJAG_16402	tRNA SJAG_16402	leucyl_tRNA	GCA_000149845.2	supercont5.6	35208	35298
URS00000199C8_402676	Schizosaccharomyces japonicus yFS275 tRNA SJAG_16281	tRNA SJAG_16281	leucyl_tRNA	GCA_000149845.2	supercont5.3	463650	463753
URS000000C35D_402676	Schizosaccharomyces japonicus yFS275 tRNA SJAG_16127	tRNA SJAG_16127	valyl_tRNA	GCA_000149845.2	supercont5.2	1977175	1977257
